system,clip_id,script,n_ref_words,n_hyp,wer,cpwer,di_cpwer,cp_minus_di_cp,wder,hits,sub,del,ins,errors,cphits,cpsub,cpdel,cpins,cpn_ref_words,cperrors,cp_mapping,di_cphits,di_cpsub,di_cpdel,di_cpins,di_cpn_ref_words,di_cperrors,wder_num,wder_denom,wder_correct_wrong_spk,wder_sub_wrong_spk
sarvam-saaras-v3@reverb-v2,0AEEA8NyVwY__11_609,Devanagari,1303,1218,0.20951650038372985,0.21488871834228704,0.20951650038372985,0.0053722179585571905,0.008361204013377926,1052,144,107,22,273,1049,143,111,26,1303,280,"{'SPEAKER_01': 'Speaker_A', 'SPEAKER_02': 'Speaker_B', 'SPEAKER_00': 'Speaker_C'}",1052,144,107,22,1303,273,10,1196,3,7
sarvam-saaras-v3@reverb-v2,0SoItGfM_sY__7_88,Kannada,165,167,0.14545454545454545,0.47878787878787876,0.14545454545454545,0.3333333333333333,0.19631901840490798,145,18,2,4,24,122,9,34,36,165,79,"{'SPEAKER_02': 'Speaker_A', 'SPEAKER_01': 'Speaker_D', 'SPEAKER_00': 'Speaker_E'}",145,18,2,4,165,24,32,163,23,9
sarvam-saaras-v3@reverb-v2,0VEwL9XZ0LY__261_557,Devanagari,868,821,0.2569124423963134,0.2891705069124424,0.2569124423963134,0.032258064516129004,0.03366583541147132,664,138,66,19,223,648,142,78,31,868,251,"{'SPEAKER_00': 'Speaker_A', 'SPEAKER_01': 'Speaker_B'}",664,138,66,19,868,223,27,802,18,9
sarvam-saaras-v3@reverb-v2,0esIFSOAcFs__0_913,Gujarati,2697,2636,0.17982944011865035,0.20133481646273638,0.17982944011865035,0.02150537634408603,0.016731517509727626,2278,292,127,66,485,2248,294,155,94,2697,543,"{'SPEAKER_02': 'Speaker_A', 'SPEAKER_00': 'Speaker_B', 'SPEAKER_01': 'Speaker_C'}",2278,292,127,66,2697,485,43,2570,33,10
sarvam-saaras-v3@reverb-v2,0p6cktLGIfY__12_930,Gujarati,2532,2497,0.22946287519747235,0.3135860979462875,0.22946287519747235,0.08412322274881515,0.07252382925818483,2035,378,119,84,581,1914,407,211,176,2532,794,"{'SPEAKER_00': 'Speaker_A', 'SPEAKER_01': 'Speaker_B', 'SPEAKER_03': 'Speaker_C', 'SPEAKER_02': 'Speaker_E'}",2035,378,119,84,2532,581,175,2413,141,34
sarvam-saaras-v3@reverb-v2,13VBh0Z6QmE__0_904,Tamil,2396,2353,0.2141068447412354,0.31803005008347246,0.2141068447412354,0.10392320534223706,0.09237472766884532,1941,354,101,58,513,1820,347,229,186,2396,762,"{'SPEAKER_00': 'Speaker_A', 'SPEAKER_03': 'Speaker_B', 'SPEAKER_01': 'Speaker_C', 'SPEAKER_02': 'Speaker_D'}",1941,354,101,58,2396,513,212,2295,139,73
sarvam-saaras-v3@reverb-v2,1LFl5JEipII__0_597,Bengali,1554,1518,0.333976833976834,0.5791505791505791,0.333976833976834,0.24517374517374513,0.1943859649122807,1128,297,129,93,519,917,338,299,263,1554,900,"{'SPEAKER_00': 'Speaker_B', 'SPEAKER_01': 'Speaker_C', 'SPEAKER_02': 'Speaker_D', 'SPEAKER_03': 'Speaker_E'}",1128,297,129,93,1554,519,277,1425,194,83
sarvam-saaras-v3@reverb-v2,2HGP34TNvjg__84_194,Oriya,290,288,0.25517241379310346,0.33448275862068966,0.25517241379310346,0.0793103448275862,0.07194244604316546,226,52,12,10,74,216,49,25,23,290,97,"{'SPEAKER_00': 'Speaker_A', 'SPEAKER_01': 'Speaker_B'}",226,52,12,10,290,74,20,278,11,9
sarvam-saaras-v3@reverb-v2,2LN6vb7EBn0__98_394,Tamil,727,712,0.23383768913342504,0.4140302613480055,0.23383768913342504,0.1801925722145805,0.11047345767575323,572,125,30,15,170,509,120,98,83,727,301,"{'SPEAKER_01': 'Speaker_A', 'SPEAKER_00': 'Speaker_B', 'SPEAKER_02': 'Speaker_C'}",572,125,30,15,727,170,77,697,61,16
sarvam-saaras-v3@reverb-v2,2T4pjueLrsk__677_1290,Gujarati,2286,1716,0.5118110236220472,0.6329833770778652,0.5118110236220472,0.121172353455818,0.1658711217183771,1156,520,610,40,1170,984,587,715,145,2286,1447,"{'SPEAKER_02': 'Speaker_A', 'SPEAKER_00': 'Speaker_B', 'SPEAKER_01': 'Speaker_C'}",1156,520,610,40,2286,1170,278,1676,169,109
sarvam-saaras-v3@reverb-v2,2gGHQgj9yno__0_99,Gujarati,282,261,0.2695035460992908,0.33687943262411346,0.2695035460992908,0.06737588652482268,0.09727626459143969,210,47,25,4,76,203,42,37,16,282,95,"{'SPEAKER_01': 'Speaker_A', 'SPEAKER_00': 'Speaker_B'}",210,47,25,4,282,76,25,257,11,14
sarvam-saaras-v3@reverb-v2,2iMXYxBTwbM__339_401,Devanagari,187,185,0.34759358288770054,0.37433155080213903,0.34759358288770054,0.0267379679144385,0.09883720930232558,135,37,15,13,65,135,32,20,18,187,70,"{'SPEAKER_01': 'Speaker_A', 'SPEAKER_00': 'Speaker_C'}",135,37,15,13,187,65,17,172,6,11
sarvam-saaras-v3@reverb-v2,37dND_0r6S8__60_222,Tamil,520,489,0.26153846153846155,0.3730769230769231,0.26153846153846155,0.11153846153846153,0.08333333333333333,393,87,40,9,136,368,79,73,42,520,194,"{'SPEAKER_01': 'Speaker_A', 'SPEAKER_00': 'Speaker_B'}",393,87,40,9,520,136,40,480,26,14
sarvam-saaras-v3@reverb-v2,4Qg2jWP6_T0__136_202,Gurmukhi,266,228,0.40225563909774437,1.1541353383458646,0.40225563909774437,0.7518796992481203,0.5373831775700935,173,41,52,14,107,83,21,162,124,266,307,{'SPEAKER_00': 'Speaker_C'},173,41,52,14,266,107,115,214,89,26
sarvam-saaras-v3@reverb-v2,6-726qTlYeg__102_162,Malayalam,200,186,0.43,0.545,0.43,0.11500000000000005,0.13872832369942195,127,46,27,13,86,117,43,40,26,200,109,"{'SPEAKER_01': 'Speaker_A', 'SPEAKER_00': 'Speaker_B'}",127,46,27,13,200,86,24,173,12,12
sarvam-saaras-v3@reverb-v2,6ZeRgvDHwcI__6_100,Gujarati,189,196,0.164021164021164,0.20634920634920634,0.164021164021164,0.042328042328042326,0.03208556149732621,167,20,2,9,31,164,18,7,14,189,39,"{'SPEAKER_01': 'Speaker_A', 'SPEAKER_00': 'Speaker_B'}",167,20,2,9,189,31,6,187,5,1
sarvam-saaras-v3@reverb-v2,6f6TLzlP8Wk__82_144,Gurmukhi,236,222,0.3008474576271186,0.6864406779661016,0.3008474576271186,0.385593220338983,0.2863849765258216,174,39,23,9,71,137,22,77,63,236,162,"{'SPEAKER_00': 'Speaker_A', 'SPEAKER_02': 'Speaker_B'}",174,39,23,9,236,71,61,213,38,23
sarvam-saaras-v3@reverb-v2,7L4gi7Ncc0s__90_148,Malayalam,120,108,0.26666666666666666,0.26666666666666666,0.26666666666666666,0.0,0.0,92,12,16,4,32,92,12,16,4,120,32,"{'SPEAKER_01': 'Speaker_A', 'SPEAKER_00': 'Speaker_B'}",92,12,16,4,120,32,0,104,0,0
sarvam-saaras-v3@reverb-v2,7WhVNRHbjIY__91_1089,Tamil,2491,2513,0.20594138900040143,0.24448012846246486,0.20594138900040143,0.03853873946206343,0.025925925925925925,2061,369,61,83,513,2019,357,115,137,2491,609,"{'SPEAKER_01': 'Speaker_A', 'SPEAKER_04': 'Speaker_B', 'SPEAKER_03': 'Speaker_C', 'SPEAKER_02': 'Speaker_D', 'SPEAKER_00': 'Speaker_E'}",2061,369,61,83,2491,513,63,2430,42,21
sarvam-saaras-v3@reverb-v2,7YfsQPYY-W0__351_411,Oriya,197,187,0.5126903553299492,1.1116751269035532,0.5126903553299492,0.598984771573604,0.44642857142857145,115,53,29,19,101,57,51,89,79,197,219,{'SPEAKER_00': 'Speaker_A'},115,53,29,19,197,101,75,168,57,18
sarvam-saaras-v3@reverb-v2,7c9ePKgqams__299_869,Telugu,1530,1461,0.27647058823529413,0.469281045751634,0.27647058823529413,0.19281045751633985,0.13572433192686356,1146,276,108,39,423,997,279,254,185,1530,718,"{'SPEAKER_01': 'Speaker_B', 'SPEAKER_02': 'Speaker_C', 'SPEAKER_00': 'Speaker_D'}",1146,276,108,39,1530,423,193,1422,157,36
sarvam-saaras-v3@reverb-v2,7k-xDqNjESc__73_981,Malayalam,2159,2069,0.27095877721167205,0.5433070866141733,0.27095877721167205,0.2723483094025012,0.1879396984924623,1653,337,169,79,585,1368,319,472,382,2159,1173,"{'SPEAKER_01': 'Speaker_C', 'SPEAKER_00': 'Speaker_D'}",1653,337,169,79,2159,585,374,1990,295,79
sarvam-saaras-v3@reverb-v2,83gP2vLH7UY__255_2005,Devanagari,5799,4723,0.30367304707708226,0.3490256940851871,0.30367304707708226,0.04535264700810482,0.0918918918918919,4136,489,1174,98,1761,3991,516,1292,216,5799,2024,"{'SPEAKER_02': 'Speaker_A', 'SPEAKER_00': 'Speaker_B', 'SPEAKER_04': 'Speaker_C', 'SPEAKER_03': 'Speaker_D', 'SPEAKER_01': 'Speaker_E'}",4136,489,1174,98,5799,1761,425,4625,287,138
sarvam-saaras-v3@reverb-v2,86mMTUeDiR8__181_1079,Bengali,2267,2170,0.2439347154830172,1.0520511689457432,0.2439347154830172,0.8081164534627261,0.5087885985748218,1779,326,162,65,553,897,258,1112,1015,2267,2385,"{'SPEAKER_00': 'Speaker_A', 'SPEAKER_01': 'Speaker_B'}",1779,326,162,65,2267,553,1071,2105,881,190
sarvam-saaras-v3@reverb-v2,87Zbup3ohcw__106_445,Tamil,741,730,0.15654520917678813,0.2496626180836707,0.15654520917678813,0.09311740890688258,0.0584958217270195,637,81,23,12,116,606,74,61,50,741,185,"{'SPEAKER_01': 'Speaker_B', 'SPEAKER_02': 'Speaker_C', 'SPEAKER_00': 'Speaker_D'}",637,81,23,12,741,116,42,718,34,8
sarvam-saaras-v3@reverb-v2,8Ve4SWhlrrA__0_70,Oriya,133,131,0.23308270676691728,0.2932330827067669,0.23308270676691728,0.06015037593984962,0.031496062992125984,106,21,6,4,31,102,21,10,8,133,39,{'SPEAKER_00': 'Speaker_A'},106,21,6,4,133,31,4,127,4,0
sarvam-saaras-v3@reverb-v2,8mvORuRHw2U__0_1197,Gujarati,3425,3414,0.20525547445255474,0.22744525547445255,0.20525547445255474,0.02218978102189781,0.0315203955500618,2900,336,189,178,703,2844,372,209,198,3425,779,"{'SPEAKER_03': 'Speaker_A', 'SPEAKER_01': 'Speaker_B', 'SPEAKER_00': 'Speaker_C', 'SPEAKER_02': 'Speaker_D'}",2900,336,189,178,3425,703,102,3236,63,39
sarvam-saaras-v3@reverb-v2,8o7jKmq6HsM__30_1770,Devanagari,4454,4224,0.2541535698248765,0.2633587786259542,0.2541535698248765,0.009205208801077669,0.01024390243902439,3446,654,354,124,1132,3431,643,380,150,4454,1173,"{'SPEAKER_01': 'Speaker_A', 'SPEAKER_03': 'Speaker_B', 'SPEAKER_04': 'Speaker_C', 'SPEAKER_02': 'Speaker_D', 'SPEAKER_05': 'Speaker_E', 'SPEAKER_00': 'Speaker_F'}",3446,654,354,124,4454,1132,42,4100,15,27
sarvam-saaras-v3@reverb-v2,8pkp-lpMJP0__326_926,Telugu,1482,1341,0.4224021592442645,0.6632928475033738,0.4224021592442645,0.2408906882591093,0.24610591900311526,913,371,198,57,626,744,352,386,245,1482,983,"{'SPEAKER_00': 'Speaker_A', 'SPEAKER_01': 'Speaker_D', 'SPEAKER_02': 'Speaker_E', 'SPEAKER_03': 'Speaker_H'}",913,371,198,57,1482,626,316,1284,174,142
sarvam-saaras-v3@reverb-v2,8r2Nltl0W4o__259_320,Gurmukhi,253,200,0.32806324110671936,0.4189723320158103,0.32806324110671936,0.09090909090909094,0.1065989847715736,173,24,56,3,83,151,45,57,4,253,106,{'SPEAKER_00': 'Speaker_A'},173,24,56,3,253,83,21,197,19,2
sarvam-saaras-v3@reverb-v2,90uAd6xpTPo__16_408,Devanagari,1212,1217,0.08828382838283828,0.09653465346534654,0.08828382838283828,0.008250825082508254,0.010933557611438183,1133,56,23,28,107,1129,54,29,34,1212,117,"{'SPEAKER_03': 'Speaker_A', 'SPEAKER_02': 'Speaker_B', 'SPEAKER_01': 'Speaker_C', 'SPEAKER_00': 'Speaker_D'}",1133,56,23,28,1212,107,13,1189,10,3
sarvam-saaras-v3@reverb-v2,9Aw8kg8w5Xo__0_83,Telugu,199,203,0.19095477386934673,0.22110552763819097,0.19095477386934673,0.03015075376884424,0.046632124352331605,171,22,6,10,38,166,26,7,11,199,44,"{'SPEAKER_00': 'Speaker_A', 'SPEAKER_01': 'Speaker_C'}",171,22,6,10,199,38,9,193,6,3
sarvam-saaras-v3@reverb-v2,9_GMxc_JjyI__236_368,Kannada,361,350,0.21052631578947367,0.3296398891966759,0.21052631578947367,0.11911357340720224,0.07761194029850746,300,35,26,15,76,279,34,48,37,361,119,{'SPEAKER_00': 'Speaker_B'},300,35,26,15,361,76,26,335,21,5
sarvam-saaras-v3@reverb-v2,ARCKJrGkITw__14_496,Telugu,1375,1271,0.26981818181818185,0.40145454545454545,0.26981818181818185,0.1316363636363636,0.10355987055016182,1039,197,139,35,371,955,184,236,132,1375,552,"{'SPEAKER_02': 'Speaker_A', 'SPEAKER_00': 'Speaker_B', 'SPEAKER_01': 'Speaker_C'}",1039,197,139,35,1375,371,128,1236,100,28
sarvam-saaras-v3@reverb-v2,ARZl7LT0UC0__73_130,Telugu,150,157,0.26666666666666666,0.49333333333333335,0.26666666666666666,0.22666666666666668,0.23943661971830985,125,17,8,15,40,105,23,22,29,150,74,"{'SPEAKER_00': 'Speaker_A', 'SPEAKER_01': 'Speaker_B', 'SPEAKER_02': 'Speaker_C'}",125,17,8,15,150,40,34,142,24,10
sarvam-saaras-v3@reverb-v2,A_dohDOK6Ic__0_600,Devanagari,1829,1830,0.1082558775287042,0.1202843083652269,0.1082558775287042,0.012028430836522691,0.008913649025069638,1666,129,34,35,198,1655,129,45,46,1829,220,"{'SPEAKER_02': 'Speaker_A', 'SPEAKER_00': 'Speaker_B', 'SPEAKER_01': 'Speaker_C'}",1666,129,34,35,1829,198,16,1795,12,4
sarvam-saaras-v3@reverb-v2,B2ScTgeIIck__117_180,Oriya,174,145,0.3160919540229885,0.367816091954023,0.3160919540229885,0.051724137931034475,0.07092198581560284,123,18,33,4,55,116,23,35,6,174,64,"{'SPEAKER_01': 'Speaker_A', 'SPEAKER_00': 'Speaker_B'}",123,18,33,4,174,55,10,141,6,4
sarvam-saaras-v3@reverb-v2,BGAAfht5dYw__0_612,Gujarati,2067,1962,0.2897919690372521,0.4455732946298984,0.2897919690372521,0.15578132559264635,0.16151022548505506,1523,384,160,55,599,1332,444,291,186,2067,921,"{'SPEAKER_02': 'Speaker_A', 'SPEAKER_03': 'Speaker_B', 'SPEAKER_01': 'Speaker_C', 'SPEAKER_00': 'Speaker_D'}",1523,384,160,55,2067,599,308,1907,198,110
sarvam-saaras-v3@reverb-v2,BYLcUGNB_zM__20_1387,Kannada,3270,3341,0.25902140672782875,0.28103975535168196,0.25902140672782875,0.022018348623853212,0.01977401129943503,2578,608,84,155,847,2539,614,117,188,3270,919,"{'SPEAKER_05': 'Speaker_A', 'SPEAKER_01': 'Speaker_B', 'SPEAKER_02': 'Speaker_C', 'SPEAKER_03': 'Speaker_D'}",2578,608,84,155,3270,847,63,3186,41,22
sarvam-saaras-v3@reverb-v2,Bngfppo1QtA__28_927,Telugu,2344,2327,0.3967576791808874,0.515358361774744,0.3967576791808874,0.11860068259385664,0.1510051425899953,1602,537,205,188,930,1408,647,289,272,2344,1208,"{'SPEAKER_01': 'Speaker_A', 'SPEAKER_03': 'Speaker_B', 'SPEAKER_02': 'Speaker_C', 'SPEAKER_00': 'Speaker_D', 'SPEAKER_04': 'Speaker_E'}",1602,537,205,188,2344,930,323,2139,178,145
sarvam-saaras-v3@reverb-v2,CO_8ppdzq9U__0_695,Tamil,1592,1643,0.3655778894472362,0.42273869346733667,0.3655778894472362,0.057160804020100486,0.07283464566929133,1129,395,68,119,582,1071,420,101,152,1592,673,"{'SPEAKER_00': 'Speaker_A', 'SPEAKER_01': 'Speaker_B', 'SPEAKER_02': 'Speaker_C', 'SPEAKER_03': 'Speaker_D'}",1129,395,68,119,1592,582,111,1524,64,47
sarvam-saaras-v3@reverb-v2,Cku_X_SL7qU__60_660,Gujarati,1774,1610,0.617249154453213,0.7401352874859075,0.617249154453213,0.12288613303269447,0.289490245437382,700,889,185,21,1095,604,863,307,143,1774,1313,"{'SPEAKER_01': 'Speaker_A', 'SPEAKER_00': 'Speaker_B', 'SPEAKER_02': 'Speaker_C'}",700,889,185,21,1774,1095,460,1589,112,348
sarvam-saaras-v3@reverb-v2,DPmew0didIM__191_512,Telugu,748,766,0.2807486631016043,0.4959893048128342,0.2807486631016043,0.21524064171122992,0.17069701280227595,601,102,45,63,210,493,157,98,116,748,371,"{'SPEAKER_01': 'Speaker_A', 'SPEAKER_00': 'Speaker_B', 'SPEAKER_02': 'Speaker_C', 'SPEAKER_04': 'Speaker_D', 'SPEAKER_03': 'Speaker_E'}",601,102,45,63,748,210,120,703,99,21
sarvam-saaras-v3@reverb-v2,EmsKkNN2Me4__35_95,Malayalam,166,154,0.5903614457831325,0.7891566265060241,0.5903614457831325,0.1987951807228916,0.22377622377622378,79,64,23,11,98,62,65,39,27,166,131,"{'SPEAKER_01': 'Speaker_A', 'SPEAKER_02': 'Speaker_B'}",79,64,23,11,166,98,32,143,12,20
sarvam-saaras-v3@reverb-v2,ExGJodnzocM__212_527,Devanagari,1161,1175,0.1335055986218777,0.2954349698535745,0.1335055986218777,0.1619293712316968,0.10218340611353711,1036,109,16,30,155,929,135,97,111,1161,343,"{'SPEAKER_03': 'Speaker_A', 'SPEAKER_00': 'Speaker_B', 'SPEAKER_01': 'Speaker_C', 'SPEAKER_02': 'Speaker_D'}",1036,109,16,30,1161,155,117,1145,103,14
sarvam-saaras-v3@reverb-v2,F2uXav-wriA__0_907,Devanagari,2765,2746,0.1240506329113924,0.2864376130198915,0.1240506329113924,0.1623869801084991,0.09413522599925289,2491,186,88,69,343,2270,179,316,297,2765,792,"{'SPEAKER_01': 'Speaker_A', 'SPEAKER_03': 'Speaker_B', 'SPEAKER_00': 'Speaker_C', 'SPEAKER_02': 'Speaker_D'}",2491,186,88,69,2765,343,252,2677,228,24
sarvam-saaras-v3@reverb-v2,FDMf9ApmoNU__16_686,Bengali,1622,1531,0.24106041923551172,0.3711467324290999,0.24106041923551172,0.13008631319358818,0.11808367071524967,1280,202,140,49,391,1164,223,235,144,1622,602,"{'SPEAKER_02': 'Speaker_A', 'SPEAKER_00': 'Speaker_B', 'SPEAKER_01': 'Speaker_C'}",1280,202,140,49,1622,391,175,1482,126,49
sarvam-saaras-v3@reverb-v2,G6qzg93FxwE__21_116,Gujarati,267,268,0.13857677902621723,0.14606741573033707,0.13857677902621723,0.007490636704119841,0.0038910505836575876,241,16,10,11,37,240,16,11,12,267,39,"{'SPEAKER_00': 'Speaker_A', 'SPEAKER_01': 'Speaker_B'}",241,16,10,11,267,37,1,257,1,0
sarvam-saaras-v3@reverb-v2,GEc_sS2KWo8__96_290,Gujarati,517,491,0.3617021276595745,0.44680851063829785,0.3617021276595745,0.08510638297872336,0.06289308176100629,344,133,40,14,187,324,129,64,38,517,231,"{'SPEAKER_00': 'Speaker_A', 'SPEAKER_01': 'Speaker_C'}",344,133,40,14,517,187,30,477,21,9
sarvam-saaras-v3@reverb-v2,GfFLEIAAumk__90_163,Bengali,204,198,0.1568627450980392,0.28921568627450983,0.1568627450980392,0.13235294117647062,0.08762886597938144,176,18,10,4,32,156,31,17,11,204,59,"{'SPEAKER_01': 'Speaker_A', 'SPEAKER_00': 'Speaker_B'}",176,18,10,4,204,32,17,194,17,0
sarvam-saaras-v3@reverb-v2,Gq45evw6ytY__597_1464,Oriya,2688,2396,0.38244047619047616,0.5279017857142857,0.38244047619047616,0.14546130952380953,0.1447424435930183,1707,642,339,47,1028,1490,685,513,221,2688,1419,"{'SPEAKER_02': 'Speaker_A', 'SPEAKER_00': 'Speaker_B', 'SPEAKER_01': 'Speaker_C'}",1707,642,339,47,2688,1028,340,2349,232,108
sarvam-saaras-v3@reverb-v2,HZv_WvIr6lE__21_105,Tamil,252,224,0.38095238095238093,0.44047619047619047,0.38095238095238093,0.059523809523809534,0.12612612612612611,158,64,30,2,96,152,61,39,11,252,111,"{'SPEAKER_00': 'Speaker_A', 'SPEAKER_01': 'Speaker_B', 'SPEAKER_02': 'Speaker_C'}",158,64,30,2,252,96,28,222,9,19
sarvam-saaras-v3@reverb-v2,HpYG46tGyYs__103_998,Devanagari,2564,2632,0.11505460218408736,0.12246489859594384,0.11505460218408736,0.007410296411856476,0.0130074891604257,2364,173,27,95,295,2356,170,38,106,2564,314,"{'SPEAKER_01': 'Speaker_A', 'SPEAKER_00': 'Speaker_B', 'SPEAKER_03': 'Speaker_C', 'SPEAKER_02': 'Speaker_D'}",2364,173,27,95,2564,295,33,2537,8,25
sarvam-saaras-v3@reverb-v2,IAm1rt-MYcA__4_558,Bengali,1620,1547,0.21604938271604937,0.26296296296296295,0.21604938271604937,0.04691358024691358,0.038943894389438946,1302,213,105,32,350,1260,221,139,66,1620,426,"{'SPEAKER_02': 'Speaker_A', 'SPEAKER_03': 'Speaker_B', 'SPEAKER_00': 'Speaker_C', 'SPEAKER_01': 'Speaker_D'}",1302,213,105,32,1620,350,59,1515,42,17
sarvam-saaras-v3@reverb-v2,Iare1Emeueg__16_69,Devanagari,139,143,0.17266187050359713,0.7913669064748201,0.17266187050359713,0.618705035971223,0.4632352941176471,122,14,3,7,24,71,30,38,42,139,110,"{'SPEAKER_01': 'Speaker_A', 'SPEAKER_02': 'Speaker_B'}",122,14,3,7,139,24,63,136,54,9
sarvam-saaras-v3@reverb-v2,IfTL8SSN270__62_671,Devanagari,2214,2122,0.13233965672990064,0.1996386630532972,0.13233965672990064,0.06729900632339655,0.07396733909702209,1961,121,132,40,293,1864,166,184,92,2214,442,"{'SPEAKER_02': 'Speaker_A', 'SPEAKER_00': 'Speaker_B', 'SPEAKER_01': 'Speaker_C', 'SPEAKER_03': 'Speaker_D'}",1961,121,132,40,2214,293,154,2082,117,37
sarvam-saaras-v3@reverb-v2,Ig6szCD8m20__46_106,Devanagari,184,179,0.19021739130434784,0.2608695652173913,0.19021739130434784,0.07065217391304346,0.05202312138728324,155,18,11,6,35,148,19,17,12,184,48,"{'SPEAKER_00': 'Speaker_A', 'SPEAKER_01': 'Speaker_B'}",155,18,11,6,184,35,9,173,6,3
sarvam-saaras-v3@reverb-v2,Iqhnt8ENm3U__27_88,Devanagari,177,157,0.519774011299435,0.8587570621468926,0.519774011299435,0.3389830508474576,0.3971631205673759,101,40,36,16,92,67,48,62,42,177,152,"{'SPEAKER_01': 'Speaker_A', 'SPEAKER_03': 'Speaker_B', 'SPEAKER_00': 'Speaker_C'}",101,40,36,16,177,92,56,141,32,24
sarvam-saaras-v3@reverb-v2,J4-VpEkBzWw__0_600,Kannada,1543,1496,0.2235904082955282,0.26895657809462087,0.2235904082955282,0.045366169799092665,0.0472550382209868,1255,184,104,57,345,1205,214,124,77,1543,415,"{'SPEAKER_06': 'Speaker_A', 'SPEAKER_05': 'Speaker_B', 'SPEAKER_04': 'Speaker_C', 'SPEAKER_00': 'Speaker_D', 'SPEAKER_03': 'Speaker_E', 'SPEAKER_02': 'Speaker_F', 'SPEAKER_01': 'Speaker_G'}",1255,184,104,57,1543,345,68,1439,44,24
sarvam-saaras-v3@reverb-v2,JBYGLQJwFDc__103_407,Tamil,658,651,0.24924012158054712,0.38753799392097266,0.24924012158054712,0.13829787234042554,0.09697933227344992,516,113,29,22,164,473,108,77,70,658,255,"{'SPEAKER_00': 'Speaker_A', 'SPEAKER_01': 'Speaker_B'}",516,113,29,22,658,164,61,629,44,17
sarvam-saaras-v3@reverb-v2,JSB1CeS4pP8__0_632,Gurmukhi,2086,1969,0.23777564717162034,0.2550335570469799,0.23777564717162034,0.01725790987535955,0.02072538860103627,1629,301,156,39,496,1605,313,168,51,2086,532,"{'SPEAKER_03': 'Speaker_A', 'SPEAKER_00': 'Speaker_B', 'SPEAKER_02': 'Speaker_C', 'SPEAKER_01': 'Speaker_D'}",1629,301,156,39,2086,496,40,1930,28,12
sarvam-saaras-v3@reverb-v2,Jc5AVwg2cZM__153_214,Devanagari,164,142,0.3475609756097561,0.5792682926829268,0.3475609756097561,0.23170731707317072,0.21014492753623187,111,27,26,4,57,89,33,42,20,164,95,"{'SPEAKER_00': 'Speaker_A', 'SPEAKER_02': 'Speaker_B', 'SPEAKER_01': 'Speaker_C'}",111,27,26,4,164,57,29,138,21,8
sarvam-saaras-v3@reverb-v2,KAtdcDieQMw__57_599,Oriya,1717,1543,0.4979615608619686,0.5911473500291206,0.4979615608619686,0.09318578916715198,0.15764546684709066,927,551,239,65,855,842,561,314,140,1717,1015,"{'SPEAKER_01': 'Speaker_A', 'SPEAKER_02': 'Speaker_B', 'SPEAKER_00': 'Speaker_C'}",927,551,239,65,1717,855,233,1478,93,140
sarvam-saaras-v3@reverb-v2,KPkRi3GM7fs__47_642,Oriya,1733,1692,0.24350836699365264,0.3150605885747259,0.24350836699365264,0.07155222158107327,0.04830917874396135,1347,309,77,36,422,1287,305,141,100,1733,546,"{'SPEAKER_02': 'Speaker_A', 'SPEAKER_01': 'Speaker_B', 'SPEAKER_00': 'Speaker_C'}",1347,309,77,36,1733,422,80,1656,60,20
sarvam-saaras-v3@reverb-v2,Kdi-ECuOaKg__2_78,Malayalam,89,90,0.21348314606741572,0.7752808988764045,0.21348314606741572,0.5617977528089888,0.3333333333333333,73,14,2,3,19,50,10,29,30,89,69,"{'SPEAKER_00': 'Speaker_A', 'SPEAKER_01': 'Speaker_B', 'SPEAKER_02': 'Speaker_C', 'SPEAKER_03': 'Speaker_D', 'SPEAKER_04': 'Speaker_E', 'SPEAKER_05': 'Speaker_F'}",73,14,2,3,89,19,29,87,23,6
sarvam-saaras-v3@reverb-v2,L7xRazDdtgw__19_83,Gujarati,101,100,0.1485148514851485,1.0198019801980198,0.1485148514851485,0.8712871287128713,0.4895833333333333,90,6,5,4,15,46,6,49,48,101,103,{'SPEAKER_00': 'Speaker_B'},90,6,5,4,101,15,47,96,43,4
sarvam-saaras-v3@reverb-v2,LBIWBxQ5H1s__90_1020,Malayalam,2313,2263,0.37137916126242976,0.4232598357111976,0.37137916126242976,0.051880674448767816,0.07829010566762729,1635,447,231,181,859,1569,459,285,235,2313,979,"{'SPEAKER_02': 'Speaker_A', 'SPEAKER_01': 'Speaker_B', 'SPEAKER_03': 'Speaker_C', 'SPEAKER_00': 'Speaker_D'}",1635,447,231,181,2313,859,163,2082,97,66
sarvam-saaras-v3@reverb-v2,LK23jX9tgZM__59_221,Gujarati,548,470,0.2864963503649635,0.4416058394160584,0.2864963503649635,0.1551094890510949,0.1568627450980392,402,57,89,11,157,362,52,134,56,548,242,"{'SPEAKER_00': 'Speaker_A', 'SPEAKER_01': 'Speaker_C'}",402,57,89,11,548,157,72,459,54,18
sarvam-saaras-v3@reverb-v2,LctYmmr9-Vg__0_61,Devanagari,133,134,0.15037593984962405,0.15037593984962405,0.15037593984962405,0.0,0.0,116,15,2,3,20,116,15,2,3,133,20,"{'SPEAKER_00': 'Speaker_A', 'SPEAKER_01': 'Speaker_B'}",116,15,2,3,133,20,0,131,0,0
sarvam-saaras-v3@reverb-v2,LqQHdo7t5Ps__198_498,Devanagari,677,612,0.18906942392909898,0.23929098966026588,0.18906942392909898,0.0502215657311669,0.03482587064676617,558,45,74,9,128,541,45,91,26,677,162,"{'SPEAKER_00': 'Speaker_A', 'SPEAKER_02': 'Speaker_B', 'SPEAKER_01': 'Speaker_C'}",558,45,74,9,677,128,21,603,16,5
sarvam-saaras-v3@reverb-v2,Md3p6RTanBg__315_426,Bengali,284,269,0.1795774647887324,0.2147887323943662,0.1795774647887324,0.035211267605633784,0.03409090909090909,238,26,20,5,51,229,34,21,6,284,61,"{'SPEAKER_01': 'Speaker_A', 'SPEAKER_02': 'Speaker_B', 'SPEAKER_00': 'Speaker_C'}",238,26,20,5,284,51,9,264,9,0
sarvam-saaras-v3@reverb-v2,MmtWBUK2DKE__0_310,Devanagari,1083,1058,0.17266851338873498,0.3785780240073869,0.17266851338873498,0.2059095106186519,0.13405088062622308,932,90,61,36,187,813,105,165,140,1083,410,"{'SPEAKER_01': 'Speaker_A', 'SPEAKER_00': 'Speaker_B', 'SPEAKER_02': 'Speaker_D', 'SPEAKER_03': 'Speaker_E'}",932,90,61,36,1083,187,137,1022,126,11
sarvam-saaras-v3@reverb-v2,NLgHpYyf5bY__313_383,Devanagari,240,229,0.15833333333333333,0.15833333333333333,0.15833333333333333,0.0,0.0,208,15,17,6,38,208,15,17,6,240,38,"{'SPEAKER_01': 'Speaker_A', 'SPEAKER_00': 'Speaker_B'}",208,15,17,6,240,38,0,223,0,0
sarvam-saaras-v3@reverb-v2,NuhdqCEuIBo__197_540,Gurmukhi,1369,1263,0.1891891891891892,0.3323593864134405,0.1891891891891892,0.14317019722425128,0.11147011308562198,1135,103,131,25,259,1009,159,201,95,1369,455,"{'SPEAKER_00': 'Speaker_A', 'SPEAKER_01': 'Speaker_B'}",1135,103,131,25,1369,259,138,1238,121,17
sarvam-saaras-v3@reverb-v2,O4_aeGFzZ8A__0_335,Kannada,675,670,0.21185185185185185,0.22518518518518518,0.21185185185185185,0.013333333333333336,0.007763975155279503,558,86,31,26,143,554,85,36,31,675,152,"{'SPEAKER_07': 'Speaker_A', 'SPEAKER_01': 'Speaker_B', 'SPEAKER_00': 'Speaker_C', 'SPEAKER_03': 'Speaker_D', 'SPEAKER_04': 'Speaker_E', 'SPEAKER_05': 'Speaker_F', 'SPEAKER_02': 'Speaker_G', 'SPEAKER_06': 'Speaker_H'}",558,86,31,26,675,143,5,644,4,1
sarvam-saaras-v3@reverb-v2,OXUt5KnlUMo__91_181,Oriya,242,223,0.4669421487603306,0.5165289256198347,0.4669421487603306,0.04958677685950408,0.045662100456621,133,86,23,4,113,127,86,29,10,242,125,"{'SPEAKER_01': 'Speaker_A', 'SPEAKER_00': 'Speaker_B'}",133,86,23,4,242,113,10,219,5,5
sarvam-saaras-v3@reverb-v2,OxYCBQKZ3iY__0_1822,Gurmukhi,5524,5584,0.32385952208544533,0.6254525706010138,0.32385952208544533,0.30159304851556845,0.24036412938214216,4156,1007,361,421,1789,3362,929,1233,1293,5524,3455,"{'SPEAKER_05': 'Speaker_A', 'SPEAKER_04': 'Speaker_C', 'SPEAKER_01': 'Speaker_D', 'SPEAKER_02': 'Speaker_E', 'SPEAKER_03': 'Speaker_F', 'SPEAKER_00': 'Speaker_G'}",4156,1007,361,421,5524,1789,1241,5163,850,391
sarvam-saaras-v3@reverb-v2,PCUA2q2C-2A__45_107,Devanagari,148,149,0.1891891891891892,0.1891891891891892,0.1891891891891892,0.0,0.0,126,17,5,6,28,126,17,5,6,148,28,"{'SPEAKER_01': 'Speaker_A', 'SPEAKER_02': 'Speaker_B', 'SPEAKER_00': 'Speaker_C'}",126,17,5,6,148,28,0,143,0,0
sarvam-saaras-v3@reverb-v2,PEDfT9-Yf2o__0_469,Bengali,1014,1003,0.10453648915187377,0.16962524654832348,0.10453648915187377,0.0650887573964497,0.048730964467005075,926,59,29,18,106,883,79,52,41,1014,172,"{'SPEAKER_02': 'Speaker_A', 'SPEAKER_01': 'Speaker_B', 'SPEAKER_00': 'Speaker_C'}",926,59,29,18,1014,106,48,985,42,6
sarvam-saaras-v3@reverb-v2,PQB3-4sZUeY__0_1132,Telugu,3018,2849,0.6043737574552683,0.7597746852220013,0.6043737574552683,0.15540092776673298,0.315450643776824,1247,1549,222,53,1824,966,1642,410,241,3018,2293,"{'SPEAKER_02': 'Speaker_A', 'SPEAKER_00': 'Speaker_B', 'SPEAKER_03': 'Speaker_C', 'SPEAKER_01': 'Speaker_D'}",1247,1549,222,53,3018,1824,882,2796,281,601
sarvam-saaras-v3@reverb-v2,PRAzUz0GANs__223_283,Kannada,190,156,0.3368421052631579,0.34210526315789475,0.3368421052631579,0.0052631578947368585,0.03355704697986577,133,16,41,7,64,132,17,41,7,190,65,"{'SPEAKER_00': 'Speaker_A', 'SPEAKER_01': 'Speaker_B'}",133,16,41,7,190,64,5,149,3,2
sarvam-saaras-v3@reverb-v2,PSIzXy5-y2E__2_918,Devanagari,2395,2351,0.2405010438413361,0.29352818371607514,0.2405010438413361,0.05302713987473903,0.04634581105169341,1926,318,151,107,576,1878,287,230,186,2395,703,"{'SPEAKER_03': 'Speaker_A', 'SPEAKER_02': 'Speaker_B', 'SPEAKER_00': 'Speaker_C'}",1926,318,151,107,2395,576,104,2244,59,45
sarvam-saaras-v3@reverb-v2,PVDfS7lcJHY__0_360,Kannada,1024,969,0.3837890625,0.5859375,0.3837890625,0.2021484375,0.19912472647702406,686,228,110,55,393,557,279,188,133,1024,600,"{'SPEAKER_03': 'Speaker_A', 'SPEAKER_01': 'Speaker_B', 'SPEAKER_02': 'Speaker_C', 'SPEAKER_04': 'Speaker_D', 'SPEAKER_05': 'Speaker_E', 'SPEAKER_00': 'Speaker_F'}",686,228,110,55,1024,393,182,914,138,44
sarvam-saaras-v3@reverb-v2,Pjre5dpnKGA__0_330,Kannada,747,753,0.3427041499330656,0.4457831325301205,0.3427041499330656,0.10307898259705489,0.11001410437235543,535,174,38,44,256,501,165,81,87,747,333,"{'SPEAKER_00': 'Speaker_A', 'SPEAKER_02': 'Speaker_B', 'SPEAKER_01': 'Speaker_D'}",535,174,38,44,747,256,78,709,36,42
sarvam-saaras-v3@reverb-v2,QhpjuNTZoA8__0_586,Kannada,1534,1501,0.21577574967405475,0.6857887874837028,0.21577574967405475,0.470013037809648,0.2751212751212751,1261,182,91,58,331,909,165,460,427,1534,1052,"{'SPEAKER_01': 'Speaker_B', 'SPEAKER_00': 'Speaker_C'}",1261,182,91,58,1534,331,397,1443,361,36
sarvam-saaras-v3@reverb-v2,QuA_B6IZ6Ls__61_1863,Devanagari,6629,6781,0.1829838588022326,0.23261427062905415,0.1829838588022326,0.04963041182682154,0.050333439187043506,5899,399,331,483,1213,5696,476,457,609,6629,1542,"{'SPEAKER_02': 'Speaker_A', 'SPEAKER_01': 'Speaker_B', 'SPEAKER_00': 'Speaker_C', 'SPEAKER_03': 'Speaker_D'}",5899,399,331,483,6629,1213,317,6298,262,55
sarvam-saaras-v3@reverb-v2,RL2fhIEEbZg__0_65,Telugu,159,157,0.24528301886792453,0.42138364779874216,0.24528301886792453,0.17610062893081763,0.12162162162162163,129,19,11,9,39,113,23,23,21,159,67,"{'SPEAKER_00': 'Speaker_A', 'SPEAKER_01': 'Speaker_C'}",129,19,11,9,159,39,18,148,16,2
sarvam-saaras-v3@reverb-v2,RL2fhIEEbZg__66_1034,Telugu,2524,2431,0.24524564183835182,0.30863708399366085,0.24524564183835182,0.06339144215530904,0.06791969243912858,1995,346,183,90,619,1904,368,252,159,2524,779,"{'SPEAKER_00': 'Speaker_A', 'SPEAKER_01': 'Speaker_B', 'SPEAKER_02': 'Speaker_C'}",1995,346,183,90,2524,619,159,2341,107,52
sarvam-saaras-v3@reverb-v2,RWTmftezCwI__0_60,Malayalam,109,114,0.25688073394495414,0.5963302752293578,0.25688073394495414,0.33944954128440363,0.27102803738317754,88,19,2,7,28,69,20,20,25,109,65,"{'SPEAKER_02': 'Speaker_A', 'SPEAKER_00': 'Speaker_B'}",88,19,2,7,109,28,29,107,19,10
sarvam-saaras-v3@reverb-v2,RZUZyvRzi80__0_336,Gurmukhi,1083,1037,0.15604801477377656,0.15604801477377656,0.15604801477377656,0.0,0.0,935,81,67,21,169,935,81,67,21,1083,169,"{'SPEAKER_00': 'Speaker_A', 'SPEAKER_02': 'Speaker_B', 'SPEAKER_03': 'Speaker_C', 'SPEAKER_01': 'Speaker_D'}",935,81,67,21,1083,169,0,1016,0,0
sarvam-saaras-v3@reverb-v2,SZ7ay4OjfAE__0_897,Telugu,2103,2057,0.45696623870660963,0.8411792677127913,0.45696623870660963,0.38421302900618165,0.43314105925537494,1292,615,196,150,961,864,663,576,530,2103,1769,"{'SPEAKER_01': 'Speaker_A', 'SPEAKER_00': 'Speaker_B', 'SPEAKER_02': 'Speaker_D'}",1292,615,196,150,2103,961,826,1907,459,367
sarvam-saaras-v3@reverb-v2,T3I2T-cfhG4__160_210,Devanagari,116,115,0.10344827586206896,0.15517241379310345,0.10344827586206896,0.05172413793103449,0.02727272727272727,109,1,6,5,12,106,1,9,8,116,18,"{'SPEAKER_00': 'Speaker_A', 'SPEAKER_01': 'Speaker_B'}",109,1,6,5,116,12,3,110,3,0
sarvam-saaras-v3@reverb-v2,TU3M6wSQV_g__99_171,Telugu,216,196,0.2175925925925926,0.39351851851851855,0.2175925925925926,0.17592592592592596,0.10880829015544041,172,21,23,3,47,154,19,43,23,216,85,{'SPEAKER_00': 'Speaker_B'},172,21,23,3,216,47,21,193,18,3
sarvam-saaras-v3@reverb-v2,Tlha36rSd5o__240_374,Tamil,301,309,0.24584717607973422,0.24584717607973422,0.24584717607973422,0.0,0.0,243,50,8,16,74,243,50,8,16,301,74,"{'SPEAKER_00': 'Speaker_A', 'SPEAKER_01': 'Speaker_B'}",243,50,8,16,301,74,0,293,0,0
sarvam-saaras-v3@reverb-v2,TrPnW5kLAyQ__93_513,Devanagari,1065,1035,0.26103286384976526,0.3136150234741784,0.26103286384976526,0.05258215962441315,0.059415911379657606,829,164,72,42,278,793,180,92,62,1065,334,"{'SPEAKER_02': 'Speaker_A', 'SPEAKER_03': 'Speaker_B', 'SPEAKER_01': 'Speaker_C', 'SPEAKER_00': 'Speaker_D'}",829,164,72,42,1065,278,59,993,41,18
sarvam-saaras-v3@reverb-v2,U_EHjxThUgc__181_289,Bengali,293,277,0.17064846416382254,0.22525597269624573,0.17064846416382254,0.05460750853242319,0.047619047619047616,247,26,20,4,50,238,28,27,11,293,66,"{'SPEAKER_00': 'Speaker_A', 'SPEAKER_02': 'Speaker_B', 'SPEAKER_01': 'Speaker_C'}",247,26,20,4,293,50,13,273,10,3
sarvam-saaras-v3@reverb-v2,VHlIFsHPWbk__23_470,Oriya,1295,1244,0.24633204633204633,0.34285714285714286,0.24633204633204633,0.09652509652509653,0.07230895645028759,1003,214,78,27,319,935,225,135,84,1295,444,"{'SPEAKER_00': 'Speaker_A', 'SPEAKER_04': 'Speaker_B', 'SPEAKER_02': 'Speaker_C', 'SPEAKER_03': 'Speaker_D'}",1003,214,78,27,1295,319,88,1217,70,18
sarvam-saaras-v3@reverb-v2,VKY0uuZ6Om8__575_935,Devanagari,1055,884,0.3175355450236967,0.3459715639810427,0.3175355450236967,0.028436018957345988,0.06235565819861432,738,128,189,18,335,710,154,191,20,1055,365,"{'SPEAKER_01': 'Speaker_A', 'SPEAKER_00': 'Speaker_B', 'SPEAKER_02': 'Speaker_C'}",738,128,189,18,1055,335,54,866,33,21
sarvam-saaras-v3@reverb-v2,VY_4x1scS-Y__13_121,Tamil,315,305,0.28888888888888886,0.6571428571428571,0.28888888888888886,0.3682539682539683,0.24742268041237114,238,53,24,14,91,190,33,92,82,315,207,"{'SPEAKER_01': 'Speaker_A', 'SPEAKER_02': 'Speaker_C', 'SPEAKER_00': 'Speaker_D'}",238,53,24,14,315,91,72,291,50,22
sarvam-saaras-v3@fusion,0AEEA8NyVwY__11_609,Devanagari,1303,1222,0.24558710667689945,0.25019186492709133,0.24558710667689945,0.0046047582501918816,0.010025062656641603,1008,189,106,25,320,1004,191,108,27,1303,326,"{'SPEAKER_01': 'Speaker_A', 'SPEAKER_02': 'Speaker_B', 'SPEAKER_00': 'Speaker_C'}",1008,189,106,25,1303,320,12,1197,3,9
sarvam-saaras-v3@fusion,0SoItGfM_sY__7_88,Kannada,165,166,0.18787878787878787,0.3393939393939394,0.18787878787878787,0.15151515151515155,0.08588957055214724,137,26,2,3,31,126,23,16,17,165,56,"{'SPEAKER_01': 'Speaker_A', 'SPEAKER_03': 'Speaker_B', 'SPEAKER_02': 'Speaker_D', 'SPEAKER_00': 'Speaker_E'}",137,26,2,3,165,31,14,163,11,3
sarvam-saaras-v3@fusion,0VEwL9XZ0LY__261_557,Devanagari,868,828,0.2511520737327189,0.25921658986175117,0.2511520737327189,0.008064516129032251,0.011152416356877323,671,136,61,21,218,666,139,63,23,868,225,"{'SPEAKER_00': 'Speaker_A', 'SPEAKER_01': 'Speaker_B'}",671,136,61,21,868,218,9,807,5,4
sarvam-saaras-v3@fusion,0esIFSOAcFs__0_913,Gujarati,2697,2674,0.18798665183537264,0.18984056358917314,0.18798665183537264,0.0018539117538005079,0.007713073659853451,2271,322,104,81,507,2262,335,100,77,2697,512,"{'SPEAKER_02': 'Speaker_A', 'SPEAKER_00': 'Speaker_B', 'SPEAKER_01': 'Speaker_C'}",2271,322,104,81,2697,507,20,2593,15,5
sarvam-saaras-v3@fusion,0p6cktLGIfY__12_930,Gujarati,2532,2512,0.2334123222748815,0.2685624012638231,0.2334123222748815,0.03515007898894157,0.035231462515362556,2012,429,91,71,591,1962,440,130,110,2532,680,"{'SPEAKER_04': 'Speaker_A', 'SPEAKER_00': 'Speaker_B', 'SPEAKER_02': 'Speaker_C', 'SPEAKER_03': 'Speaker_E', 'SPEAKER_01': 'Speaker_F'}",2012,429,91,71,2532,591,86,2441,55,31
sarvam-saaras-v3@fusion,13VBh0Z6QmE__0_904,Tamil,2396,2354,0.20868113522537562,0.246661101836394,0.20868113522537562,0.03797996661101838,0.03772766695576756,1944,362,90,48,500,1902,355,139,97,2396,591,"{'SPEAKER_01': 'Speaker_A', 'SPEAKER_04': 'Speaker_B', 'SPEAKER_02': 'Speaker_C', 'SPEAKER_03': 'Speaker_D'}",1944,362,90,48,2396,500,87,2306,51,36
sarvam-saaras-v3@fusion,1LFl5JEipII__0_597,Bengali,1554,1520,0.3680823680823681,0.7496782496782497,0.3680823680823681,0.3815958815958816,0.3192982456140351,1077,348,129,95,572,808,293,453,419,1554,1165,"{'SPEAKER_03': 'Speaker_A', 'SPEAKER_04': 'Speaker_B', 'SPEAKER_02': 'Speaker_C', 'SPEAKER_00': 'Speaker_D', 'SPEAKER_01': 'Speaker_E'}",1077,348,129,95,1554,572,455,1425,304,151
sarvam-saaras-v3@fusion,2HGP34TNvjg__84_194,Oriya,290,285,0.2896551724137931,0.29310344827586204,0.2896551724137931,0.003448275862068917,0.025362318840579712,215,61,14,9,84,215,60,15,10,290,85,"{'SPEAKER_00': 'Speaker_A', 'SPEAKER_01': 'Speaker_B'}",215,61,14,9,290,84,7,276,0,7
sarvam-saaras-v3@fusion,2LN6vb7EBn0__98_394,Tamil,727,715,0.23383768913342504,0.35213204951856947,0.23383768913342504,0.11829436038514443,0.07714285714285714,572,128,27,15,170,530,126,71,59,727,256,"{'SPEAKER_01': 'Speaker_A', 'SPEAKER_00': 'Speaker_B', 'SPEAKER_02': 'Speaker_C'}",572,128,27,15,727,170,54,700,42,12
sarvam-saaras-v3@fusion,2T4pjueLrsk__677_1290,Gujarati,2286,1645,0.5249343832020997,0.5599300087489064,0.5249343832020997,0.034995625546806686,0.1269446172993155,1124,483,679,38,1200,1067,517,702,61,2286,1280,"{'SPEAKER_00': 'Speaker_A', 'SPEAKER_02': 'Speaker_B', 'SPEAKER_01': 'Speaker_C', 'SPEAKER_03': 'Speaker_D'}",1124,483,679,38,2286,1200,204,1607,68,136
sarvam-saaras-v3@fusion,2gGHQgj9yno__0_99,Gujarati,282,277,0.25886524822695034,0.375886524822695,0.25886524822695034,0.11702127659574468,0.11194029850746269,218,50,14,9,73,208,37,37,32,282,106,"{'SPEAKER_00': 'Speaker_A', 'SPEAKER_01': 'Speaker_B'}",218,50,14,9,282,73,30,268,12,18
sarvam-saaras-v3@fusion,2iMXYxBTwbM__339_401,Devanagari,187,205,0.4117647058823529,0.41711229946524064,0.4117647058823529,0.005347593582887722,0.011428571428571429,140,35,12,30,77,138,38,11,29,187,78,"{'SPEAKER_01': 'Speaker_A', 'SPEAKER_00': 'Speaker_C'}",140,35,12,30,187,77,2,175,1,1
sarvam-saaras-v3@fusion,37dND_0r6S8__60_222,Tamil,520,509,0.3192307692307692,0.34423076923076923,0.3192307692307692,0.025000000000000022,0.028629856850715747,374,115,31,20,166,368,114,38,27,520,179,"{'SPEAKER_00': 'Speaker_A', 'SPEAKER_01': 'Speaker_B'}",374,115,31,20,520,166,14,489,8,6
sarvam-saaras-v3@fusion,4Qg2jWP6_T0__136_202,Gurmukhi,266,249,0.36466165413533835,0.9060150375939849,0.36466165413533835,0.5413533834586466,0.37554585152838427,189,40,37,20,97,122,30,114,97,266,241,"{'SPEAKER_01': 'Speaker_A', 'SPEAKER_00': 'Speaker_C'}",189,40,37,20,266,97,86,229,70,16
sarvam-saaras-v3@fusion,6-726qTlYeg__102_162,Malayalam,200,210,0.485,0.465,0.485,-0.019999999999999962,0.022222222222222223,133,47,20,30,97,134,49,17,27,200,93,"{'SPEAKER_00': 'Speaker_A', 'SPEAKER_01': 'Speaker_B'}",133,47,20,30,200,97,4,180,0,4
sarvam-saaras-v3@fusion,6ZeRgvDHwcI__6_100,Gujarati,189,194,0.14814814814814814,0.14814814814814814,0.14814814814814814,0.0,0.005376344086021506,169,17,3,8,28,170,15,4,9,189,28,"{'SPEAKER_00': 'Speaker_A', 'SPEAKER_01': 'Speaker_B'}",169,17,3,8,189,28,1,186,0,1
sarvam-saaras-v3@fusion,6f6TLzlP8Wk__82_144,Gurmukhi,236,224,0.24152542372881355,0.2457627118644068,0.24152542372881355,0.004237288135593237,0.004545454545454545,183,37,16,4,57,183,36,17,5,236,58,"{'SPEAKER_01': 'Speaker_A', 'SPEAKER_00': 'Speaker_B'}",183,37,16,4,236,57,1,220,0,1
sarvam-saaras-v3@fusion,7L4gi7Ncc0s__90_148,Malayalam,120,109,0.25833333333333336,0.25833333333333336,0.25833333333333336,0.0,0.0,93,12,15,4,31,93,12,15,4,120,31,"{'SPEAKER_01': 'Speaker_A', 'SPEAKER_00': 'Speaker_B'}",93,12,15,4,120,31,0,105,0,0
sarvam-saaras-v3@fusion,7WhVNRHbjIY__91_1089,Tamil,2491,2516,0.20032115616218385,0.20433560818948213,0.20032115616218385,0.0040144520272982764,0.0053475935828877,2077,354,60,85,499,2070,358,63,88,2491,509,"{'SPEAKER_04': 'Speaker_A', 'SPEAKER_02': 'Speaker_B', 'SPEAKER_01': 'Speaker_C', 'SPEAKER_03': 'Speaker_D', 'SPEAKER_00': 'Speaker_E'}",2077,354,60,85,2491,499,13,2431,9,4
sarvam-saaras-v3@fusion,7YfsQPYY-W0__351_411,Oriya,197,193,0.5177664974619289,0.649746192893401,0.5177664974619289,0.13197969543147203,0.11428571428571428,113,62,22,18,102,100,62,35,31,197,128,"{'SPEAKER_00': 'Speaker_A', 'SPEAKER_01': 'Speaker_B'}",113,62,22,18,197,102,20,175,15,5
sarvam-saaras-v3@fusion,7c9ePKgqams__299_869,Telugu,1530,1454,0.26666666666666666,0.2679738562091503,0.26666666666666666,0.0013071895424836555,0.004216444132115249,1153,270,107,31,408,1154,266,110,34,1530,410,"{'SPEAKER_00': 'Speaker_B', 'SPEAKER_01': 'Speaker_C', 'SPEAKER_02': 'Speaker_D'}",1153,270,107,31,1530,408,6,1423,0,6
sarvam-saaras-v3@fusion,7k-xDqNjESc__73_981,Malayalam,2159,2073,0.2686428902269569,0.38628994905048636,0.2686428902269569,0.11764705882352944,0.09854927463731866,1653,346,160,74,580,1531,336,292,206,2159,834,"{'SPEAKER_02': 'Speaker_B', 'SPEAKER_01': 'Speaker_C', 'SPEAKER_00': 'Speaker_D'}",1653,346,160,74,2159,580,197,1999,132,65
sarvam-saaras-v3@fusion,83gP2vLH7UY__255_2005,Devanagari,5799,5350,0.2676323504052423,0.2691843421279531,0.2676323504052423,0.0015519917227108104,0.08030480656506447,4479,639,681,232,1552,4493,602,704,255,5799,1561,"{'SPEAKER_01': 'Speaker_A', 'SPEAKER_00': 'Speaker_B', 'SPEAKER_03': 'Speaker_C', 'SPEAKER_04': 'Speaker_D', 'SPEAKER_02': 'Speaker_E'}",4479,639,681,232,5799,1552,411,5118,189,222
sarvam-saaras-v3@fusion,86mMTUeDiR8__181_1079,Bengali,2267,2184,0.28804587560652845,0.4486104984561094,0.28804587560652845,0.16056462284958095,0.1782319391634981,1694,410,163,80,653,1491,452,324,241,2267,1017,"{'SPEAKER_03': 'Speaker_A', 'SPEAKER_02': 'Speaker_B', 'SPEAKER_01': 'Speaker_C', 'SPEAKER_04': 'Speaker_D', 'SPEAKER_00': 'Speaker_E'}",1694,410,163,80,2267,653,375,2104,226,149
sarvam-saaras-v3@fusion,87Zbup3ohcw__106_445,Tamil,741,745,0.1700404858299595,0.1700404858299595,0.1700404858299595,0.0,0.0013850415512465374,638,84,19,23,126,638,84,19,23,741,126,"{'SPEAKER_01': 'Speaker_A', 'SPEAKER_02': 'Speaker_B', 'SPEAKER_03': 'Speaker_C', 'SPEAKER_00': 'Speaker_D'}",638,84,19,23,741,126,1,722,0,1
sarvam-saaras-v3@fusion,8Ve4SWhlrrA__0_70,Oriya,133,130,0.21052631578947367,0.2781954887218045,0.21052631578947367,0.06766917293233082,0.03875968992248062,106,23,4,1,28,102,22,9,6,133,37,{'SPEAKER_00': 'Speaker_A'},106,23,4,1,133,28,5,129,4,1
sarvam-saaras-v3@fusion,8mvORuRHw2U__0_1197,Gujarati,3425,3397,0.19562043795620437,0.21372262773722628,0.19562043795620437,0.018102189781021905,0.030826140567200986,2908,336,181,153,670,2861,368,196,168,3425,732,"{'SPEAKER_01': 'Speaker_A', 'SPEAKER_03': 'Speaker_B', 'SPEAKER_00': 'Speaker_C', 'SPEAKER_02': 'Speaker_D'}",2908,336,181,153,3425,670,100,3244,54,46
sarvam-saaras-v3@fusion,8o7jKmq6HsM__30_1770,Devanagari,4454,4275,0.2586439155814998,0.2570722945666816,0.2586439155814998,-0.0015716210148181697,0.011407766990291262,3457,663,334,155,1152,3452,680,322,143,4454,1145,"{'SPEAKER_04': 'Speaker_A', 'SPEAKER_02': 'Speaker_B', 'SPEAKER_01': 'Speaker_C', 'SPEAKER_00': 'Speaker_D', 'SPEAKER_03': 'Speaker_E', 'SPEAKER_05': 'Speaker_F'}",3457,663,334,155,4454,1152,47,4120,7,40
sarvam-saaras-v3@fusion,8pkp-lpMJP0__326_926,Telugu,1482,1402,0.4622132253711201,0.5330634278002699,0.4622132253711201,0.07085020242914986,0.17204301075268819,897,405,180,100,685,844,406,232,152,1482,790,"{'SPEAKER_03': 'Speaker_A', 'SPEAKER_02': 'Speaker_B', 'SPEAKER_00': 'Speaker_C', 'SPEAKER_04': 'Speaker_D', 'SPEAKER_06': 'Speaker_E', 'SPEAKER_01': 'Speaker_G', 'SPEAKER_05': 'Speaker_H'}",897,405,180,100,1482,685,224,1302,70,154
sarvam-saaras-v3@fusion,8r2Nltl0W4o__259_320,Gurmukhi,253,234,0.2608695652173913,0.25296442687747034,0.2608695652173913,-0.007905138339920958,0.013333333333333334,196,29,28,9,66,198,27,28,9,253,64,"{'SPEAKER_01': 'Speaker_A', 'SPEAKER_00': 'Speaker_B'}",196,29,28,9,253,66,3,225,2,1
sarvam-saaras-v3@fusion,90uAd6xpTPo__16_408,Devanagari,1212,1204,0.07590759075907591,0.07590759075907591,0.07590759075907591,0.0,0.0008403361344537816,1134,56,22,14,92,1134,56,22,14,1212,92,"{'SPEAKER_03': 'Speaker_A', 'SPEAKER_02': 'Speaker_B', 'SPEAKER_01': 'Speaker_C', 'SPEAKER_00': 'Speaker_D'}",1134,56,22,14,1212,92,1,1190,1,0
sarvam-saaras-v3@fusion,9Aw8kg8w5Xo__0_83,Telugu,199,200,0.21105527638190955,0.21608040201005024,0.21105527638190955,0.0050251256281406975,0.015706806282722512,166,25,8,9,42,166,24,9,10,199,43,"{'SPEAKER_00': 'Speaker_A', 'SPEAKER_02': 'Speaker_C', 'SPEAKER_01': 'Speaker_D'}",166,25,8,9,199,42,3,191,0,3
sarvam-saaras-v3@fusion,9_GMxc_JjyI__236_368,Kannada,361,360,0.23268698060941828,0.21052631578947367,0.23268698060941828,-0.02216066481994461,0.02040816326530612,294,49,18,17,84,295,55,11,10,361,76,"{'SPEAKER_01': 'Speaker_A', 'SPEAKER_00': 'Speaker_B'}",294,49,18,17,361,84,7,343,2,5
sarvam-saaras-v3@fusion,ARCKJrGkITw__14_496,Telugu,1375,1287,0.264,0.2647272727272727,0.264,0.0007272727272726875,0.022997620935765267,1038,223,114,26,363,1043,212,120,32,1375,364,"{'SPEAKER_02': 'Speaker_A', 'SPEAKER_00': 'Speaker_B', 'SPEAKER_01': 'Speaker_C'}",1038,223,114,26,1375,363,29,1261,6,23
sarvam-saaras-v3@fusion,ARZl7LT0UC0__73_130,Telugu,150,153,0.26,0.4,0.26,0.14,0.19718309859154928,122,20,8,11,39,113,17,20,23,150,60,"{'SPEAKER_01': 'Speaker_A', 'SPEAKER_02': 'Speaker_B', 'SPEAKER_00': 'Speaker_C'}",122,20,8,11,150,39,28,142,18,10
sarvam-saaras-v3@fusion,A_dohDOK6Ic__0_600,Devanagari,1829,1828,0.11755057408419901,0.11755057408419901,0.11755057408419901,0.0,0.0005583472920156337,1651,140,38,37,215,1651,140,38,37,1829,215,"{'SPEAKER_02': 'Speaker_A', 'SPEAKER_00': 'Speaker_B', 'SPEAKER_01': 'Speaker_C'}",1651,140,38,37,1829,215,1,1791,1,0
sarvam-saaras-v3@fusion,B2ScTgeIIck__117_180,Oriya,174,158,0.2988505747126437,0.28160919540229884,0.2988505747126437,-0.017241379310344862,0.0457516339869281,127,26,21,5,52,129,25,20,4,174,49,"{'SPEAKER_00': 'Speaker_A', 'SPEAKER_01': 'Speaker_B'}",127,26,21,5,174,52,7,153,1,6
sarvam-saaras-v3@fusion,BGAAfht5dYw__0_612,Gujarati,2067,2104,0.3405902273826802,0.3807450411223996,0.3405902273826802,0.04015481373971941,0.07817258883248732,1497,473,97,134,704,1453,478,136,173,2067,787,"{'SPEAKER_01': 'Speaker_A', 'SPEAKER_00': 'Speaker_B', 'SPEAKER_03': 'Speaker_C', 'SPEAKER_02': 'Speaker_D'}",1497,473,97,134,2067,704,154,1970,55,99
sarvam-saaras-v3@fusion,BYLcUGNB_zM__20_1387,Kannada,3270,3328,0.2636085626911315,0.26238532110091745,0.2636085626911315,-0.0012232415902140303,0.002824858757062147,2550,636,84,142,862,2551,638,81,139,3270,858,"{'SPEAKER_00': 'Speaker_A', 'SPEAKER_03': 'Speaker_B', 'SPEAKER_02': 'Speaker_C', 'SPEAKER_01': 'Speaker_D'}",2550,636,84,142,3270,862,9,3186,1,8
sarvam-saaras-v3@fusion,Bngfppo1QtA__28_927,Telugu,2344,2486,0.41680887372013653,0.44283276450511944,0.41680887372013653,0.026023890784982906,0.08318264014466546,1641,571,132,274,977,1608,576,160,302,2344,1038,"{'SPEAKER_00': 'Speaker_A', 'SPEAKER_04': 'Speaker_B', 'SPEAKER_02': 'Speaker_C', 'SPEAKER_01': 'Speaker_D', 'SPEAKER_03': 'Speaker_E'}",1641,571,132,274,2344,977,184,2212,50,134
sarvam-saaras-v3@fusion,CO_8ppdzq9U__0_695,Tamil,1592,1623,0.375,0.39321608040201006,0.375,0.01821608040201006,0.030638852672750978,1084,450,58,89,597,1067,455,70,101,1592,626,"{'SPEAKER_01': 'Speaker_A', 'SPEAKER_00': 'Speaker_B', 'SPEAKER_03': 'Speaker_C', 'SPEAKER_02': 'Speaker_D'}",1084,450,58,89,1592,597,47,1534,19,28
sarvam-saaras-v3@fusion,Cku_X_SL7qU__60_660,Gujarati,1774,1639,0.713641488162345,0.7508455467869222,0.713641488162345,0.03720405862457721,0.27414330218068533,542,1063,169,34,1266,499,1083,192,57,1774,1332,"{'SPEAKER_00': 'Speaker_A', 'SPEAKER_02': 'Speaker_B', 'SPEAKER_01': 'Speaker_C'}",542,1063,169,34,1774,1266,440,1605,40,400
sarvam-saaras-v3@fusion,DPmew0didIM__191_512,Telugu,748,768,0.28475935828877,0.3355614973262032,0.28475935828877,0.05080213903743319,0.06582633053221289,589,125,34,54,213,573,119,56,76,748,251,"{'SPEAKER_04': 'Speaker_A', 'SPEAKER_02': 'Speaker_B', 'SPEAKER_03': 'Speaker_C', 'SPEAKER_00': 'Speaker_D', 'SPEAKER_01': 'Speaker_E'}",589,125,34,54,748,213,47,714,26,21
sarvam-saaras-v3@fusion,EmsKkNN2Me4__35_95,Malayalam,166,173,0.6385542168674698,0.6325301204819277,0.6385542168674698,-0.0060240963855421326,0.09333333333333334,83,67,16,23,106,84,66,16,23,166,105,"{'SPEAKER_00': 'Speaker_A', 'SPEAKER_01': 'Speaker_B'}",83,67,16,23,166,106,14,150,3,11
sarvam-saaras-v3@fusion,ExGJodnzocM__212_527,Devanagari,1161,1166,0.11541774332472007,0.14987080103359174,0.11541774332472007,0.034453057708871665,0.027050610820244327,1047,99,15,20,134,1025,103,33,38,1161,174,"{'SPEAKER_00': 'Speaker_A', 'SPEAKER_02': 'Speaker_B', 'SPEAKER_01': 'Speaker_C', 'SPEAKER_03': 'Speaker_D'}",1047,99,15,20,1161,134,31,1146,26,5
sarvam-saaras-v3@fusion,F2uXav-wriA__0_907,Devanagari,2765,2765,0.12622061482820976,0.19674502712477396,0.12622061482820976,0.0705244122965642,0.046096654275092935,2491,199,75,75,349,2393,200,172,172,2765,544,"{'SPEAKER_01': 'Speaker_A', 'SPEAKER_02': 'Speaker_B', 'SPEAKER_00': 'Speaker_C', 'SPEAKER_03': 'Speaker_D'}",2491,199,75,75,2765,349,124,2690,114,10
sarvam-saaras-v3@fusion,FDMf9ApmoNU__16_686,Bengali,1622,1625,0.2651048088779285,0.3088779284833539,0.2651048088779285,0.043773119605425403,0.08610567514677103,1284,249,89,92,430,1246,254,122,125,1622,501,"{'SPEAKER_03': 'Speaker_A', 'SPEAKER_01': 'Speaker_B', 'SPEAKER_02': 'Speaker_C', 'SPEAKER_00': 'Speaker_D'}",1284,249,89,92,1622,430,132,1533,70,62
sarvam-saaras-v3@fusion,G6qzg93FxwE__21_116,Gujarati,267,268,0.11610486891385768,0.12359550561797752,0.11610486891385768,0.007490636704119841,0.003816793893129771,242,20,5,6,31,241,20,6,7,267,33,"{'SPEAKER_00': 'Speaker_A', 'SPEAKER_01': 'Speaker_B'}",242,20,5,6,267,31,1,262,1,0
sarvam-saaras-v3@fusion,GEc_sS2KWo8__96_290,Gujarati,517,501,0.3307543520309478,0.33849129593810445,0.3307543520309478,0.007736943907156679,0.018404907975460124,358,131,28,12,171,355,133,29,13,517,175,"{'SPEAKER_01': 'Speaker_A', 'SPEAKER_00': 'Speaker_B', 'SPEAKER_02': 'Speaker_C'}",358,131,28,12,517,171,9,489,0,9
sarvam-saaras-v3@fusion,GfFLEIAAumk__90_163,Bengali,204,202,0.16666666666666666,0.29411764705882354,0.16666666666666666,0.12745098039215688,0.0663265306122449,176,20,8,6,34,163,20,21,19,204,60,"{'SPEAKER_00': 'Speaker_A', 'SPEAKER_01': 'Speaker_B'}",176,20,8,6,204,34,13,196,13,0
sarvam-saaras-v3@fusion,Gq45evw6ytY__597_1464,Oriya,2688,2432,0.3865327380952381,0.45796130952380953,0.3865327380952381,0.07142857142857145,0.0819327731092437,1701,679,308,52,1039,1591,707,390,134,2688,1231,"{'SPEAKER_02': 'Speaker_A', 'SPEAKER_01': 'Speaker_B', 'SPEAKER_00': 'Speaker_C'}",1701,679,308,52,2688,1039,195,2380,110,85
sarvam-saaras-v3@fusion,HZv_WvIr6lE__21_105,Tamil,252,240,0.42857142857142855,0.4166666666666667,0.42857142857142855,-0.011904761904761862,0.1013215859030837,157,70,25,13,108,158,71,23,11,252,105,"{'SPEAKER_00': 'Speaker_A', 'SPEAKER_01': 'Speaker_B', 'SPEAKER_02': 'Speaker_C'}",157,70,25,13,252,108,23,227,10,13
sarvam-saaras-v3@fusion,HpYG46tGyYs__103_998,Devanagari,2564,2632,0.11310452418096724,0.11349453978159127,0.11310452418096724,0.0003900156006240302,0.012214342001576044,2368,170,26,94,290,2367,171,26,94,2564,291,"{'SPEAKER_01': 'Speaker_A', 'SPEAKER_00': 'Speaker_B', 'SPEAKER_02': 'Speaker_C', 'SPEAKER_03': 'Speaker_D'}",2368,170,26,94,2564,290,31,2538,1,30
sarvam-saaras-v3@fusion,IAm1rt-MYcA__4_558,Bengali,1620,1562,0.22160493827160493,0.22654320987654322,0.22160493827160493,0.004938271604938288,0.011772400261608895,1294,235,91,33,359,1292,231,97,39,1620,367,"{'SPEAKER_03': 'Speaker_A', 'SPEAKER_02': 'Speaker_B', 'SPEAKER_00': 'Speaker_C', 'SPEAKER_01': 'Speaker_D'}",1294,235,91,33,1620,359,18,1529,6,12
sarvam-saaras-v3@fusion,Iare1Emeueg__16_69,Devanagari,139,140,0.17266187050359713,0.19424460431654678,0.17266187050359713,0.021582733812949645,0.014492753623188406,117,21,1,2,24,115,22,2,3,139,27,"{'SPEAKER_00': 'Speaker_A', 'SPEAKER_01': 'Speaker_B'}",117,21,1,2,139,24,2,138,2,0
sarvam-saaras-v3@fusion,IfTL8SSN270__62_671,Devanagari,2214,2226,0.13640469738030714,0.15898825654923215,0.13640469738030714,0.022583559168925016,0.03139643861293346,2004,130,80,92,302,1977,134,103,115,2214,352,"{'SPEAKER_00': 'Speaker_A', 'SPEAKER_02': 'Speaker_B', 'SPEAKER_03': 'Speaker_C', 'SPEAKER_01': 'Speaker_D'}",2004,130,80,92,2214,302,67,2134,43,24
sarvam-saaras-v3@fusion,Ig6szCD8m20__46_106,Devanagari,184,184,0.19021739130434784,0.18478260869565216,0.19021739130434784,-0.005434782608695676,0.017045454545454544,157,19,8,8,35,158,18,8,8,184,34,"{'SPEAKER_01': 'Speaker_A', 'SPEAKER_00': 'Speaker_B'}",157,19,8,8,184,35,3,176,0,3
sarvam-saaras-v3@fusion,Iqhnt8ENm3U__27_88,Devanagari,177,141,0.5141242937853108,0.6497175141242938,0.5141242937853108,0.13559322033898302,0.18248175182481752,90,47,40,4,91,75,53,49,13,177,115,"{'SPEAKER_00': 'Speaker_A', 'spk3': 'Speaker_B', 'SPEAKER_01': 'Speaker_C'}",90,47,40,4,177,91,25,137,14,11
sarvam-saaras-v3@fusion,J4-VpEkBzWw__0_600,Kannada,1543,1578,0.23007128969539858,0.26247569669475046,0.23007128969539858,0.032404406999351876,0.05323450134770889,1282,202,59,94,355,1254,208,81,116,1543,405,"{'SPEAKER_05': 'Speaker_A', 'SPEAKER_04': 'Speaker_B', 'SPEAKER_06': 'Speaker_C', 'SPEAKER_00': 'Speaker_D', 'SPEAKER_02': 'Speaker_E', 'SPEAKER_03': 'Speaker_F', 'SPEAKER_01': 'Speaker_G'}",1282,202,59,94,1543,355,79,1484,47,32
sarvam-saaras-v3@fusion,JBYGLQJwFDc__103_407,Tamil,658,657,0.2887537993920973,0.30547112462006076,0.2887537993920973,0.016717325227963487,0.023734177215189875,493,139,26,25,190,484,146,28,27,658,201,"{'SPEAKER_02': 'Speaker_A', 'SPEAKER_00': 'Speaker_B'}",493,139,26,25,658,190,15,632,8,7
sarvam-saaras-v3@fusion,JSB1CeS4pP8__0_632,Gurmukhi,2086,2001,0.1912751677852349,0.1965484180249281,0.1912751677852349,0.005273250239693189,0.02189409368635438,1724,240,122,37,399,1717,243,126,41,2086,410,"{'SPEAKER_01': 'Speaker_A', 'SPEAKER_00': 'Speaker_B', 'SPEAKER_02': 'Speaker_C', 'SPEAKER_03': 'Speaker_D'}",1724,240,122,37,2086,399,43,1964,13,30
sarvam-saaras-v3@fusion,Jc5AVwg2cZM__153_214,Devanagari,164,163,0.38414634146341464,0.3902439024390244,0.38414634146341464,0.0060975609756097615,0.045454545454545456,110,44,10,9,63,110,43,11,10,164,64,"{'SPEAKER_01': 'Speaker_A', 'SPEAKER_00': 'Speaker_B', 'SPEAKER_02': 'Speaker_C'}",110,44,10,9,164,63,7,154,0,7
sarvam-saaras-v3@fusion,KAtdcDieQMw__57_599,Oriya,1717,1606,0.47815958066394876,0.5002912055911474,0.47815958066394876,0.022131624927198612,0.07395287958115183,974,554,189,78,821,949,566,202,91,1717,859,"{'SPEAKER_02': 'Speaker_A', 'SPEAKER_01': 'Speaker_B', 'SPEAKER_00': 'Speaker_C'}",974,554,189,78,1717,821,113,1528,37,76
sarvam-saaras-v3@fusion,KPkRi3GM7fs__47_642,Oriya,1733,1703,0.2510098095787651,0.27697634160415463,0.2510098095787651,0.02596653202538951,0.015578190533253445,1332,337,64,34,435,1313,330,90,60,1733,480,"{'SPEAKER_02': 'Speaker_A', 'SPEAKER_01': 'Speaker_B', 'SPEAKER_00': 'Speaker_C'}",1332,337,64,34,1733,435,26,1669,19,7
sarvam-saaras-v3@fusion,Kdi-ECuOaKg__2_78,Malayalam,89,63,0.4606741573033708,0.5842696629213483,0.4606741573033708,0.1235955056179775,0.1,51,9,29,3,41,46,8,35,9,89,52,"{'SPEAKER_02': 'Speaker_B', 'spk5': 'Speaker_D', 'SPEAKER_03': 'Speaker_E', 'SPEAKER_01': 'Speaker_F'}",51,9,29,3,89,41,6,60,5,1
sarvam-saaras-v3@fusion,L7xRazDdtgw__19_83,Gujarati,101,82,0.26732673267326734,0.46534653465346537,0.26732673267326734,0.19801980198019803,0.16049382716049382,75,6,20,1,27,65,6,30,11,101,47,"{'SPEAKER_00': 'Speaker_A', 'SPEAKER_01': 'Speaker_B'}",75,6,20,1,101,27,13,81,12,1
sarvam-saaras-v3@fusion,LBIWBxQ5H1s__90_1020,Malayalam,2313,2321,0.3545179420665802,0.3614353653264159,0.3545179420665802,0.006917423259835687,0.05385329619312906,1660,494,159,167,820,1655,488,170,178,2313,836,"{'SPEAKER_01': 'Speaker_A', 'SPEAKER_03': 'Speaker_B', 'SPEAKER_02': 'Speaker_C', 'SPEAKER_00': 'Speaker_D'}",1660,494,159,167,2313,820,116,2154,30,86
sarvam-saaras-v3@fusion,LK23jX9tgZM__59_221,Gujarati,548,478,0.28284671532846717,0.31386861313868614,0.28284671532846717,0.031021897810218968,0.06209850107066381,404,63,81,11,155,398,58,92,22,548,172,"{'SPEAKER_01': 'Speaker_A', 'SPEAKER_02': 'Speaker_B', 'SPEAKER_00': 'Speaker_C'}",404,63,81,11,548,155,29,467,21,8
sarvam-saaras-v3@fusion,LctYmmr9-Vg__0_61,Devanagari,133,133,0.15037593984962405,0.15037593984962405,0.15037593984962405,0.0,0.0,115,16,2,2,20,115,16,2,2,133,20,"{'SPEAKER_01': 'Speaker_A', 'SPEAKER_00': 'Speaker_B'}",115,16,2,2,133,20,0,131,0,0
sarvam-saaras-v3@fusion,LqQHdo7t5Ps__198_498,Devanagari,677,608,0.17429837518463812,0.17429837518463812,0.17429837518463812,0.0,0.0,566,35,76,7,118,566,35,76,7,677,118,"{'SPEAKER_01': 'Speaker_A', 'SPEAKER_02': 'Speaker_B', 'SPEAKER_00': 'Speaker_C'}",566,35,76,7,677,118,0,601,0,0
sarvam-saaras-v3@fusion,Md3p6RTanBg__315_426,Bengali,284,274,0.19718309859154928,0.176056338028169,0.19718309859154928,-0.02112676056338028,0.029197080291970802,228,46,10,0,56,238,32,14,4,284,50,"{'SPEAKER_00': 'Speaker_A', 'SPEAKER_01': 'Speaker_B', 'SPEAKER_02': 'Speaker_C'}",228,46,10,0,284,56,8,274,0,8
sarvam-saaras-v3@fusion,MmtWBUK2DKE__0_310,Devanagari,1083,1067,0.18467220683287167,0.20221606648199447,0.18467220683287167,0.017543859649122806,0.023323615160349854,921,108,54,38,200,914,103,66,50,1083,219,"{'SPEAKER_00': 'Speaker_A', 'SPEAKER_01': 'Speaker_B', 'SPEAKER_02': 'Speaker_D', 'SPEAKER_03': 'Speaker_E'}",921,108,54,38,1083,200,24,1029,18,6
sarvam-saaras-v3@fusion,NLgHpYyf5bY__313_383,Devanagari,240,228,0.14166666666666666,0.13333333333333333,0.14166666666666666,-0.008333333333333331,0.0,210,14,16,4,34,211,14,15,3,240,32,"{'SPEAKER_00': 'Speaker_A', 'SPEAKER_01': 'Speaker_B'}",210,14,16,4,240,34,0,224,0,0
sarvam-saaras-v3@fusion,NuhdqCEuIBo__197_540,Gurmukhi,1369,1310,0.15924032140248356,0.16070124178232287,0.15924032140248356,0.0014609203798393033,0.01317829457364341,1171,119,79,20,218,1167,125,77,18,1369,220,"{'SPEAKER_01': 'Speaker_A', 'SPEAKER_02': 'Speaker_B', 'SPEAKER_00': 'Speaker_C'}",1171,119,79,20,1369,218,17,1290,11,6
sarvam-saaras-v3@fusion,O4_aeGFzZ8A__0_335,Kannada,675,675,0.1837037037037037,0.1837037037037037,0.1837037037037037,0.0,0.0,569,88,18,18,124,569,88,18,18,675,124,"{'SPEAKER_01': 'Speaker_A', 'SPEAKER_07': 'Speaker_B', 'SPEAKER_06': 'Speaker_C', 'SPEAKER_03': 'Speaker_D', 'SPEAKER_05': 'Speaker_E', 'SPEAKER_04': 'Speaker_F', 'SPEAKER_02': 'Speaker_G', 'SPEAKER_00': 'Speaker_H'}",569,88,18,18,675,124,0,657,0,0
sarvam-saaras-v3@fusion,OXUt5KnlUMo__91_181,Oriya,242,223,0.40082644628099173,0.39669421487603307,0.40082644628099173,-0.004132231404958664,0.0,147,74,21,2,97,147,75,20,1,242,96,"{'SPEAKER_01': 'Speaker_A', 'SPEAKER_00': 'Speaker_B'}",147,74,21,2,242,97,0,221,0,0
sarvam-saaras-v3@fusion,OxYCBQKZ3iY__0_1822,Gurmukhi,5524,5774,0.3602461984069515,0.4212527154236061,0.3602461984069515,0.061006517016654604,0.07850287907869481,4098,1112,314,564,1990,3920,1131,473,723,5524,2327,"{'SPEAKER_01': 'Speaker_A', 'SPEAKER_02': 'Speaker_B', 'SPEAKER_03': 'Speaker_C', 'SPEAKER_04': 'Speaker_D', 'SPEAKER_00': 'Speaker_E', 'SPEAKER_06': 'Speaker_F', 'SPEAKER_05': 'Speaker_G'}",4098,1112,314,564,5524,1990,409,5210,251,158
sarvam-saaras-v3@fusion,PCUA2q2C-2A__45_107,Devanagari,148,150,0.1891891891891892,0.1891891891891892,0.1891891891891892,0.0,0.0,126,18,4,6,28,126,18,4,6,148,28,"{'SPEAKER_01': 'Speaker_A', 'SPEAKER_02': 'Speaker_B', 'SPEAKER_00': 'Speaker_C'}",126,18,4,6,148,28,0,144,0,0
sarvam-saaras-v3@fusion,PEDfT9-Yf2o__0_469,Bengali,1014,1006,0.09270216962524655,0.14102564102564102,0.09270216962524655,0.048323471400394474,0.03125,934,58,22,14,94,907,63,44,36,1014,143,"{'SPEAKER_00': 'Speaker_A', 'SPEAKER_01': 'Speaker_B', 'SPEAKER_02': 'Speaker_C'}",934,58,22,14,1014,94,31,992,27,4
sarvam-saaras-v3@fusion,PQB3-4sZUeY__0_1132,Telugu,3018,2916,0.6815772034459907,0.7700463883366467,0.6815772034459907,0.08846918489065603,0.2905832747716093,1031,1815,172,70,2057,896,1818,304,202,3018,2324,"{'SPEAKER_03': 'Speaker_A', 'SPEAKER_00': 'Speaker_B', 'SPEAKER_01': 'Speaker_C', 'SPEAKER_02': 'Speaker_D'}",1031,1815,172,70,3018,2057,827,2846,163,664
sarvam-saaras-v3@fusion,PRAzUz0GANs__223_283,Kannada,190,169,0.28421052631578947,0.28421052631578947,0.28421052631578947,0.0,0.018404907975460124,142,21,27,6,54,142,21,27,6,190,54,"{'SPEAKER_00': 'Speaker_A', 'SPEAKER_01': 'Speaker_B'}",142,21,27,6,190,54,3,163,1,2
sarvam-saaras-v3@fusion,PSIzXy5-y2E__2_918,Devanagari,2395,2370,0.230062630480167,0.23048016701461377,0.230062630480167,0.00041753653444676075,0.03638754932047348,1933,348,114,89,551,1947,319,129,104,2395,552,"{'SPEAKER_02': 'Speaker_A', 'SPEAKER_01': 'Speaker_B', 'SPEAKER_00': 'Speaker_C'}",1933,348,114,89,2395,551,83,2281,20,63
sarvam-saaras-v3@fusion,PVDfS7lcJHY__0_360,Kannada,1024,996,0.3759765625,0.4228515625,0.3759765625,0.046875,0.08110992529348986,698,239,87,59,385,660,267,97,69,1024,433,"{'SPEAKER_00': 'Speaker_A', 'SPEAKER_02': 'Speaker_B', 'SPEAKER_03': 'Speaker_C', 'SPEAKER_05': 'Speaker_D', 'SPEAKER_04': 'Speaker_E', 'SPEAKER_01': 'Speaker_F'}",698,239,87,59,1024,385,76,937,50,26
sarvam-saaras-v3@fusion,Pjre5dpnKGA__0_330,Kannada,747,774,0.3493975903614458,0.4364123159303882,0.3493975903614458,0.08701472556894241,0.11576011157601115,543,174,30,57,261,508,179,60,87,747,326,"{'SPEAKER_00': 'Speaker_A', 'SPEAKER_02': 'Speaker_B', 'SPEAKER_01': 'Speaker_D'}",543,174,30,57,747,261,83,717,36,47
sarvam-saaras-v3@fusion,QhpjuNTZoA8__0_586,Kannada,1534,1483,0.21903520208604954,0.6642764015645372,0.21903520208604954,0.4452411994784876,0.2580195258019526,1247,187,100,49,336,914,170,450,399,1534,1019,"{'SPEAKER_01': 'Speaker_B', 'SPEAKER_00': 'Speaker_C'}",1247,187,100,49,1534,336,370,1434,340,30
sarvam-saaras-v3@fusion,QuA_B6IZ6Ls__61_1863,Devanagari,6629,6862,0.17619550460099562,0.1829838588022326,0.17619550460099562,0.006788354201236996,0.024107701941139637,5935,453,241,474,1168,5917,444,268,501,6629,1213,"{'SPEAKER_01': 'Speaker_A', 'SPEAKER_02': 'Speaker_B', 'SPEAKER_03': 'Speaker_C', 'SPEAKER_00': 'Speaker_D'}",5935,453,241,474,6629,1168,154,6388,73,81
sarvam-saaras-v3@fusion,RL2fhIEEbZg__0_65,Telugu,159,160,0.2138364779874214,0.2138364779874214,0.2138364779874214,0.0,0.019736842105263157,133,19,7,8,34,133,19,7,8,159,34,"{'SPEAKER_00': 'Speaker_A', 'SPEAKER_01': 'Speaker_C'}",133,19,7,8,159,34,3,152,2,1
sarvam-saaras-v3@fusion,RL2fhIEEbZg__66_1034,Telugu,2524,2490,0.241283676703645,0.2393026941362916,0.241283676703645,-0.0019809825673534065,0.02476910159529807,2023,359,142,108,609,2019,372,133,99,2524,604,"{'SPEAKER_02': 'Speaker_A', 'SPEAKER_00': 'Speaker_B', 'SPEAKER_01': 'Speaker_C'}",2023,359,142,108,2524,609,59,2382,24,35
sarvam-saaras-v3@fusion,RWTmftezCwI__0_60,Malayalam,109,113,0.3577981651376147,0.5596330275229358,0.3577981651376147,0.20183486238532106,0.12380952380952381,78,27,4,8,39,68,25,16,20,109,61,"{'SPEAKER_01': 'Speaker_A', 'SPEAKER_02': 'Speaker_B'}",78,27,4,8,109,39,13,105,10,3
sarvam-saaras-v3@fusion,RZUZyvRzi80__0_336,Gurmukhi,1083,1041,0.16620498614958448,0.16620498614958448,0.16620498614958448,0.0,0.0,925,94,64,22,180,925,94,64,22,1083,180,"{'SPEAKER_00': 'Speaker_A', 'SPEAKER_02': 'Speaker_B', 'SPEAKER_03': 'Speaker_C', 'SPEAKER_01': 'Speaker_D'}",925,94,64,22,1083,180,0,1019,0,0
sarvam-saaras-v3@fusion,SZ7ay4OjfAE__0_897,Telugu,2103,2055,0.47979077508321444,0.5663338088445078,0.47979077508321444,0.08654303376129335,0.19736842105263158,1249,651,203,155,1009,1155,657,291,243,2103,1191,"{'SPEAKER_01': 'Speaker_A', 'SPEAKER_00': 'Speaker_B', 'SPEAKER_04': 'Speaker_C', 'SPEAKER_02': 'Speaker_D', 'SPEAKER_03': 'Speaker_E'}",1249,651,203,155,2103,1009,375,1900,139,236
sarvam-saaras-v3@fusion,T3I2T-cfhG4__160_210,Devanagari,116,112,0.07758620689655173,0.07758620689655173,0.07758620689655173,0.0,0.0,109,1,6,2,9,109,1,6,2,116,9,"{'SPEAKER_00': 'Speaker_A', 'SPEAKER_01': 'Speaker_B'}",109,1,6,2,116,9,0,110,0,0
sarvam-saaras-v3@fusion,TU3M6wSQV_g__99_171,Telugu,216,207,0.3055555555555556,0.2824074074074074,0.3055555555555556,-0.023148148148148195,0.0,160,37,19,10,66,162,38,16,7,216,61,"{'SPEAKER_00': 'Speaker_A', 'SPEAKER_01': 'Speaker_B'}",160,37,19,10,216,66,0,197,0,0
sarvam-saaras-v3@fusion,Tlha36rSd5o__240_374,Tamil,301,316,0.2591362126245847,0.2591362126245847,0.2591362126245847,0.0,0.0,246,47,8,23,78,246,47,8,23,301,78,"{'SPEAKER_00': 'Speaker_A', 'SPEAKER_01': 'Speaker_B'}",246,47,8,23,301,78,0,293,0,0
sarvam-saaras-v3@fusion,TrPnW5kLAyQ__93_513,Devanagari,1065,1022,0.26291079812206575,0.26103286384976526,0.26291079812206575,-0.0018779342723004855,0.025303643724696356,819,169,77,34,280,819,171,75,32,1065,278,"{'SPEAKER_01': 'Speaker_A', 'SPEAKER_00': 'Speaker_B', 'SPEAKER_03': 'Speaker_C', 'SPEAKER_02': 'Speaker_D'}",819,169,77,34,1065,280,25,988,9,16
sarvam-saaras-v3@fusion,U_EHjxThUgc__181_289,Bengali,293,295,0.17406143344709898,0.22184300341296928,0.17406143344709898,0.047781569965870296,0.05357142857142857,257,23,13,15,51,249,25,19,21,293,65,"{'SPEAKER_01': 'Speaker_A', 'SPEAKER_02': 'Speaker_B', 'SPEAKER_00': 'Speaker_C'}",257,23,13,15,293,51,15,280,13,2
sarvam-saaras-v3@fusion,VHlIFsHPWbk__23_470,Oriya,1295,1257,0.23011583011583012,0.25637065637065637,0.23011583011583012,0.026254826254826252,0.03173311635475997,1025,204,66,28,298,997,226,72,34,1295,332,"{'SPEAKER_00': 'Speaker_A', 'SPEAKER_03': 'Speaker_B', 'SPEAKER_01': 'Speaker_C', 'SPEAKER_02': 'Speaker_D'}",1025,204,66,28,1295,298,39,1229,28,11
sarvam-saaras-v3@fusion,VKY0uuZ6Om8__575_935,Devanagari,1055,953,0.32037914691943126,0.32037914691943126,0.32037914691943126,0.0,0.06702702702702702,745,180,130,28,338,743,184,128,26,1055,338,"{'SPEAKER_00': 'Speaker_A', 'SPEAKER_02': 'Speaker_B', 'SPEAKER_01': 'Speaker_C'}",745,180,130,28,1055,338,62,925,15,47
sarvam-saaras-v3@fusion,VY_4x1scS-Y__13_121,Tamil,315,306,0.30158730158730157,0.35555555555555557,0.30158730158730157,0.053968253968254,0.07482993197278912,232,62,21,12,95,226,57,32,23,315,112,"{'SPEAKER_01': 'Speaker_A', 'SPEAKER_03': 'Speaker_B', 'SPEAKER_02': 'Speaker_C', 'SPEAKER_00': 'Speaker_D'}",232,62,21,12,315,95,22,294,9,13
sarvam-saaras-v3@fusion+xlit,0AEEA8NyVwY__11_609,Devanagari,1303,1222,0.18035303146584805,0.1841903300076746,0.18035303146584805,0.003837298541826545,0.005877413937867338,1099,92,112,31,235,1095,95,113,32,1303,240,"{'SPEAKER_01': 'Speaker_A', 'SPEAKER_02': 'Speaker_B', 'SPEAKER_00': 'Speaker_C'}",1099,92,112,31,1303,235,7,1191,3,4
sarvam-saaras-v3@fusion+xlit,0SoItGfM_sY__7_88,Kannada,165,166,0.18787878787878787,0.3393939393939394,0.18787878787878787,0.15151515151515155,0.08588957055214724,137,26,2,3,31,126,23,16,17,165,56,"{'SPEAKER_01': 'Speaker_A', 'SPEAKER_03': 'Speaker_B', 'SPEAKER_02': 'Speaker_D', 'SPEAKER_00': 'Speaker_E'}",137,26,2,3,165,31,14,163,11,3
sarvam-saaras-v3@fusion+xlit,0VEwL9XZ0LY__261_557,Devanagari,868,828,0.17050691244239632,0.1774193548387097,0.17050691244239632,0.006912442396313362,0.009937888198757764,743,62,63,23,148,739,64,65,25,868,154,"{'SPEAKER_00': 'Speaker_A', 'SPEAKER_01': 'Speaker_B'}",743,62,63,23,868,148,8,805,5,3
sarvam-saaras-v3@fusion+xlit,0esIFSOAcFs__0_913,Gujarati,2697,2674,0.1850203930292918,0.18687430478309233,0.1850203930292918,0.0018539117538005356,0.007713073659853451,2279,314,104,81,499,2270,327,100,77,2697,504,"{'SPEAKER_02': 'Speaker_A', 'SPEAKER_00': 'Speaker_B', 'SPEAKER_01': 'Speaker_C'}",2279,314,104,81,2697,499,20,2593,15,5
sarvam-saaras-v3@fusion+xlit,0p6cktLGIfY__12_930,Gujarati,2532,2512,0.22630331753554503,0.2626382306477093,0.22630331753554503,0.036334913112164274,0.035231462515362556,2030,411,91,71,573,1977,425,130,110,2532,665,"{'SPEAKER_04': 'Speaker_A', 'SPEAKER_00': 'Speaker_B', 'SPEAKER_02': 'Speaker_C', 'SPEAKER_03': 'Speaker_E', 'SPEAKER_01': 'Speaker_F'}",2030,411,91,71,2532,573,86,2441,56,30
sarvam-saaras-v3@fusion+xlit,13VBh0Z6QmE__0_904,Tamil,2396,2354,0.20659432387312188,0.24457429048414023,0.20659432387312188,0.03797996661101835,0.03772766695576756,1949,357,90,48,495,1907,350,139,97,2396,586,"{'SPEAKER_01': 'Speaker_A', 'SPEAKER_04': 'Speaker_B', 'SPEAKER_02': 'Speaker_C', 'SPEAKER_03': 'Speaker_D'}",1949,357,90,48,2396,495,87,2306,51,36
sarvam-saaras-v3@fusion+xlit,1LFl5JEipII__0_597,Bengali,1554,1520,0.36486486486486486,0.7464607464607464,0.36486486486486486,0.3815958815958816,0.3181179775280899,1083,341,130,96,567,815,284,455,421,1554,1160,"{'SPEAKER_03': 'Speaker_A', 'SPEAKER_04': 'Speaker_B', 'SPEAKER_02': 'Speaker_C', 'SPEAKER_00': 'Speaker_D', 'SPEAKER_01': 'Speaker_E'}",1083,341,130,96,1554,567,453,1424,303,150
sarvam-saaras-v3@fusion+xlit,2HGP34TNvjg__84_194,Oriya,290,285,0.2896551724137931,0.29310344827586204,0.2896551724137931,0.003448275862068917,0.025362318840579712,215,61,14,9,84,215,60,15,10,290,85,"{'SPEAKER_00': 'Speaker_A', 'SPEAKER_01': 'Speaker_B'}",215,61,14,9,290,84,7,276,0,7
sarvam-saaras-v3@fusion+xlit,2LN6vb7EBn0__98_394,Tamil,727,715,0.22833562585969738,0.3466299862448418,0.22833562585969738,0.11829436038514443,0.07571428571428572,576,124,27,15,166,534,122,71,59,727,252,"{'SPEAKER_01': 'Speaker_A', 'SPEAKER_00': 'Speaker_B', 'SPEAKER_02': 'Speaker_C'}",576,124,27,15,727,166,53,700,42,11
sarvam-saaras-v3@fusion+xlit,2T4pjueLrsk__677_1290,Gujarati,2286,1645,0.5161854768153981,0.5520559930008749,0.5161854768153981,0.035870516185476875,0.12507778469197262,1144,463,679,38,1180,1086,497,703,62,2286,1262,"{'SPEAKER_00': 'Speaker_A', 'SPEAKER_02': 'Speaker_B', 'SPEAKER_01': 'Speaker_C', 'SPEAKER_03': 'Speaker_D'}",1144,463,679,38,2286,1180,201,1607,67,134
sarvam-saaras-v3@fusion+xlit,2gGHQgj9yno__0_99,Gujarati,282,277,0.25886524822695034,0.375886524822695,0.25886524822695034,0.11702127659574468,0.10861423220973783,219,48,15,10,73,208,37,37,32,282,106,"{'SPEAKER_00': 'Speaker_A', 'SPEAKER_01': 'Speaker_B'}",219,48,15,10,282,73,29,267,13,16
sarvam-saaras-v3@fusion+xlit,2iMXYxBTwbM__339_401,Devanagari,187,205,0.4117647058823529,0.41711229946524064,0.4117647058823529,0.005347593582887722,0.011428571428571429,140,35,12,30,77,138,38,11,29,187,78,"{'SPEAKER_01': 'Speaker_A', 'SPEAKER_00': 'Speaker_C'}",140,35,12,30,187,77,2,175,1,1
sarvam-saaras-v3@fusion+xlit,37dND_0r6S8__60_222,Tamil,520,509,0.2903846153846154,0.31153846153846154,0.2903846153846154,0.021153846153846134,0.028629856850715747,389,100,31,20,151,385,97,38,27,520,162,"{'SPEAKER_00': 'Speaker_A', 'SPEAKER_01': 'Speaker_B'}",389,100,31,20,520,151,14,489,8,6
sarvam-saaras-v3@fusion+xlit,4Qg2jWP6_T0__136_202,Gurmukhi,266,249,0.36466165413533835,0.9060150375939849,0.36466165413533835,0.5413533834586466,0.37554585152838427,189,40,37,20,97,122,30,114,97,266,241,"{'SPEAKER_01': 'Speaker_A', 'SPEAKER_00': 'Speaker_C'}",189,40,37,20,266,97,86,229,70,16
sarvam-saaras-v3@fusion+xlit,6-726qTlYeg__102_162,Malayalam,200,210,0.485,0.465,0.485,-0.019999999999999962,0.022222222222222223,133,47,20,30,97,134,49,17,27,200,93,"{'SPEAKER_00': 'Speaker_A', 'SPEAKER_01': 'Speaker_B'}",133,47,20,30,200,97,4,180,0,4
sarvam-saaras-v3@fusion+xlit,6ZeRgvDHwcI__6_100,Gujarati,189,194,0.14814814814814814,0.14814814814814814,0.14814814814814814,0.0,0.005376344086021506,169,17,3,8,28,170,15,4,9,189,28,"{'SPEAKER_00': 'Speaker_A', 'SPEAKER_01': 'Speaker_B'}",169,17,3,8,189,28,1,186,0,1
sarvam-saaras-v3@fusion+xlit,6f6TLzlP8Wk__82_144,Gurmukhi,236,224,0.2330508474576271,0.23728813559322035,0.2330508474576271,0.004237288135593237,0.004545454545454545,185,35,16,4,55,185,34,17,5,236,56,"{'SPEAKER_01': 'Speaker_A', 'SPEAKER_00': 'Speaker_B'}",185,35,16,4,236,55,1,220,0,1
sarvam-saaras-v3@fusion+xlit,7L4gi7Ncc0s__90_148,Malayalam,120,109,0.25833333333333336,0.25833333333333336,0.25833333333333336,0.0,0.0,93,12,15,4,31,93,12,15,4,120,31,"{'SPEAKER_01': 'Speaker_A', 'SPEAKER_00': 'Speaker_B'}",93,12,15,4,120,31,0,105,0,0
sarvam-saaras-v3@fusion+xlit,7WhVNRHbjIY__91_1089,Tamil,2491,2516,0.19991971095945404,0.20393416298675232,0.19991971095945404,0.0040144520272982764,0.0053475935828877,2078,353,60,85,498,2071,357,63,88,2491,508,"{'SPEAKER_04': 'Speaker_A', 'SPEAKER_02': 'Speaker_B', 'SPEAKER_01': 'Speaker_C', 'SPEAKER_03': 'Speaker_D', 'SPEAKER_00': 'Speaker_E'}",2078,353,60,85,2491,498,13,2431,9,4
sarvam-saaras-v3@fusion+xlit,7YfsQPYY-W0__351_411,Oriya,197,193,0.5177664974619289,0.649746192893401,0.5177664974619289,0.13197969543147203,0.11428571428571428,113,62,22,18,102,100,62,35,31,197,128,"{'SPEAKER_00': 'Speaker_A', 'SPEAKER_01': 'Speaker_B'}",113,62,22,18,197,102,20,175,15,5
sarvam-saaras-v3@fusion+xlit,7c9ePKgqams__299_869,Telugu,1530,1454,0.265359477124183,0.26666666666666666,0.265359477124183,0.0013071895424836555,0.004216444132115249,1155,268,107,31,406,1156,264,110,34,1530,408,"{'SPEAKER_00': 'Speaker_B', 'SPEAKER_01': 'Speaker_C', 'SPEAKER_02': 'Speaker_D'}",1155,268,107,31,1530,406,6,1423,0,6
sarvam-saaras-v3@fusion+xlit,7k-xDqNjESc__73_981,Malayalam,2159,2073,0.2681797128300139,0.3858267716535433,0.2681797128300139,0.11764705882352938,0.09854927463731866,1654,345,160,74,579,1532,335,292,206,2159,833,"{'SPEAKER_02': 'Speaker_B', 'SPEAKER_01': 'Speaker_C', 'SPEAKER_00': 'Speaker_D'}",1654,345,160,74,2159,579,197,1999,132,65
sarvam-saaras-v3@fusion+xlit,83gP2vLH7UY__255_2005,Devanagari,5799,5350,0.26677013278151407,0.2683221245042249,0.26677013278151407,0.0015519917227108104,0.08030480656506447,4484,634,681,232,1547,4498,597,704,255,5799,1556,"{'SPEAKER_01': 'Speaker_A', 'SPEAKER_00': 'Speaker_B', 'SPEAKER_03': 'Speaker_C', 'SPEAKER_04': 'Speaker_D', 'SPEAKER_02': 'Speaker_E'}",4484,634,681,232,5799,1547,411,5118,189,222
sarvam-saaras-v3@fusion+xlit,86mMTUeDiR8__181_1079,Bengali,2267,2184,0.2655491839435377,0.4362593736215262,0.2655491839435377,0.1707101896779885,0.17047619047619048,1749,351,167,84,602,1520,422,325,242,2267,989,"{'SPEAKER_03': 'Speaker_A', 'SPEAKER_02': 'Speaker_B', 'SPEAKER_01': 'Speaker_C', 'SPEAKER_04': 'Speaker_D', 'SPEAKER_00': 'Speaker_E'}",1749,351,167,84,2267,602,358,2100,255,103
sarvam-saaras-v3@fusion+xlit,87Zbup3ohcw__106_445,Tamil,741,745,0.1700404858299595,0.1700404858299595,0.1700404858299595,0.0,0.0013850415512465374,638,84,19,23,126,638,84,19,23,741,126,"{'SPEAKER_01': 'Speaker_A', 'SPEAKER_02': 'Speaker_B', 'SPEAKER_03': 'Speaker_C', 'SPEAKER_00': 'Speaker_D'}",638,84,19,23,741,126,1,722,0,1
sarvam-saaras-v3@fusion+xlit,8Ve4SWhlrrA__0_70,Oriya,133,130,0.21052631578947367,0.2781954887218045,0.21052631578947367,0.06766917293233082,0.03875968992248062,106,23,4,1,28,102,22,9,6,133,37,{'SPEAKER_00': 'Speaker_A'},106,23,4,1,133,28,5,129,4,1
sarvam-saaras-v3@fusion+xlit,8mvORuRHw2U__0_1197,Gujarati,3425,3397,0.19445255474452555,0.21372262773722628,0.19445255474452555,0.019270072992700726,0.03114400246685168,2913,330,182,154,666,2861,368,196,168,3425,732,"{'SPEAKER_01': 'Speaker_A', 'SPEAKER_03': 'Speaker_B', 'SPEAKER_00': 'Speaker_C', 'SPEAKER_02': 'Speaker_D'}",2913,330,182,154,3425,666,101,3243,56,45
sarvam-saaras-v3@fusion+xlit,8o7jKmq6HsM__30_1770,Devanagari,4454,4275,0.2584193982936686,0.2570722945666816,0.2584193982936686,-0.0013471037269869868,0.011407766990291262,3458,662,334,155,1151,3452,680,322,143,4454,1145,"{'SPEAKER_04': 'Speaker_A', 'SPEAKER_02': 'Speaker_B', 'SPEAKER_01': 'Speaker_C', 'SPEAKER_00': 'Speaker_D', 'SPEAKER_03': 'Speaker_E', 'SPEAKER_05': 'Speaker_F'}",3458,662,334,155,4454,1151,47,4120,8,39
sarvam-saaras-v3@fusion+xlit,8pkp-lpMJP0__326_926,Telugu,1482,1402,0.45883940620782726,0.529689608636977,0.45883940620782726,0.07085020242914974,0.170376055257099,901,402,179,99,680,850,399,233,153,1482,785,"{'SPEAKER_03': 'Speaker_A', 'SPEAKER_02': 'Speaker_B', 'SPEAKER_00': 'Speaker_C', 'SPEAKER_04': 'Speaker_D', 'SPEAKER_06': 'Speaker_E', 'SPEAKER_01': 'Speaker_G', 'SPEAKER_05': 'Speaker_H'}",901,402,179,99,1482,680,222,1303,72,150
sarvam-saaras-v3@fusion+xlit,8r2Nltl0W4o__259_320,Gurmukhi,253,234,0.2608695652173913,0.25296442687747034,0.2608695652173913,-0.007905138339920958,0.013333333333333334,196,29,28,9,66,198,27,28,9,253,64,"{'SPEAKER_01': 'Speaker_A', 'SPEAKER_00': 'Speaker_B'}",196,29,28,9,253,66,3,225,2,1
sarvam-saaras-v3@fusion+xlit,90uAd6xpTPo__16_408,Devanagari,1212,1204,0.07590759075907591,0.07590759075907591,0.07590759075907591,0.0,0.0008403361344537816,1134,56,22,14,92,1134,56,22,14,1212,92,"{'SPEAKER_03': 'Speaker_A', 'SPEAKER_02': 'Speaker_B', 'SPEAKER_01': 'Speaker_C', 'SPEAKER_00': 'Speaker_D'}",1134,56,22,14,1212,92,1,1190,1,0
sarvam-saaras-v3@fusion+xlit,9Aw8kg8w5Xo__0_83,Telugu,199,200,0.21105527638190955,0.21608040201005024,0.21105527638190955,0.0050251256281406975,0.015706806282722512,166,25,8,9,42,166,24,9,10,199,43,"{'SPEAKER_00': 'Speaker_A', 'SPEAKER_02': 'Speaker_C', 'SPEAKER_01': 'Speaker_D'}",166,25,8,9,199,42,3,191,0,3
sarvam-saaras-v3@fusion+xlit,9_GMxc_JjyI__236_368,Kannada,361,360,0.21606648199445982,0.19390581717451524,0.21606648199445982,-0.02216066481994458,0.014577259475218658,300,43,18,17,78,301,49,11,10,361,70,"{'SPEAKER_01': 'Speaker_A', 'SPEAKER_00': 'Speaker_B'}",300,43,18,17,361,78,5,343,2,3
sarvam-saaras-v3@fusion+xlit,ARCKJrGkITw__14_496,Telugu,1375,1287,0.26181818181818184,0.2625454545454545,0.26181818181818184,0.0007272727272726875,0.021462639109697933,1044,214,117,29,360,1046,209,120,32,1375,361,"{'SPEAKER_02': 'Speaker_A', 'SPEAKER_00': 'Speaker_B', 'SPEAKER_01': 'Speaker_C'}",1044,214,117,29,1375,360,27,1258,9,18
sarvam-saaras-v3@fusion+xlit,ARZl7LT0UC0__73_130,Telugu,150,153,0.26,0.4,0.26,0.14,0.19718309859154928,122,20,8,11,39,113,17,20,23,150,60,"{'SPEAKER_01': 'Speaker_A', 'SPEAKER_02': 'Speaker_B', 'SPEAKER_00': 'Speaker_C'}",122,20,8,11,150,39,28,142,18,10
sarvam-saaras-v3@fusion+xlit,A_dohDOK6Ic__0_600,Devanagari,1829,1828,0.11645708037178787,0.11645708037178787,0.11645708037178787,0.0,0.0005583472920156337,1653,138,38,37,213,1653,138,38,37,1829,213,"{'SPEAKER_02': 'Speaker_A', 'SPEAKER_00': 'Speaker_B', 'SPEAKER_01': 'Speaker_C'}",1653,138,38,37,1829,213,1,1791,1,0
sarvam-saaras-v3@fusion+xlit,B2ScTgeIIck__117_180,Oriya,174,158,0.2988505747126437,0.28160919540229884,0.2988505747126437,-0.017241379310344862,0.0457516339869281,127,26,21,5,52,129,25,20,4,174,49,"{'SPEAKER_00': 'Speaker_A', 'SPEAKER_01': 'Speaker_B'}",127,26,21,5,174,52,7,153,1,6
sarvam-saaras-v3@fusion+xlit,BGAAfht5dYw__0_612,Gujarati,2067,2104,0.32027092404450896,0.3599419448476052,0.32027092404450896,0.03967102080309626,0.07676664972038638,1542,425,100,137,662,1497,433,137,174,2067,744,"{'SPEAKER_01': 'Speaker_A', 'SPEAKER_00': 'Speaker_B', 'SPEAKER_03': 'Speaker_C', 'SPEAKER_02': 'Speaker_D'}",1542,425,100,137,2067,662,151,1967,63,88
sarvam-saaras-v3@fusion+xlit,BYLcUGNB_zM__20_1387,Kannada,3270,3328,0.1834862385321101,0.18318042813455657,0.1834862385321101,-0.00030581039755353534,0.0031456432840515887,2819,360,91,149,600,2820,359,91,149,3270,599,"{'SPEAKER_00': 'Speaker_A', 'SPEAKER_03': 'Speaker_B', 'SPEAKER_02': 'Speaker_C', 'SPEAKER_01': 'Speaker_D'}",2819,360,91,149,3270,600,10,3179,1,9
sarvam-saaras-v3@fusion+xlit,Bngfppo1QtA__28_927,Telugu,2344,2486,0.3967576791808874,0.4249146757679181,0.3967576791808874,0.02815699658703069,0.08148483476686283,1691,518,135,277,930,1653,528,163,305,2344,996,"{'SPEAKER_00': 'Speaker_A', 'SPEAKER_04': 'Speaker_B', 'SPEAKER_02': 'Speaker_C', 'SPEAKER_01': 'Speaker_D', 'SPEAKER_03': 'Speaker_E'}",1691,518,135,277,2344,930,180,2209,58,122
sarvam-saaras-v3@fusion+xlit,CO_8ppdzq9U__0_695,Tamil,1592,1623,0.375,0.39321608040201006,0.375,0.01821608040201006,0.030638852672750978,1084,450,58,89,597,1067,455,70,101,1592,626,"{'SPEAKER_01': 'Speaker_A', 'SPEAKER_00': 'Speaker_B', 'SPEAKER_03': 'Speaker_C', 'SPEAKER_02': 'Speaker_D'}",1084,450,58,89,1592,597,47,1534,19,28
sarvam-saaras-v3@fusion+xlit,Cku_X_SL7qU__60_660,Gujarati,1774,1640,0.4644870349492672,0.5986471251409244,0.4644870349492672,0.13416009019165726,0.2420584498094028,1016,558,200,66,824,821,710,243,109,1774,1062,"{'SPEAKER_00': 'Speaker_A', 'SPEAKER_02': 'Speaker_B', 'SPEAKER_01': 'Speaker_C'}",1016,558,200,66,1774,824,381,1574,202,179
sarvam-saaras-v3@fusion+xlit,DPmew0didIM__191_512,Telugu,748,768,0.27406417112299464,0.32620320855614976,0.27406417112299464,0.05213903743315512,0.06722689075630252,597,117,34,54,205,580,112,56,76,748,244,"{'SPEAKER_04': 'Speaker_A', 'SPEAKER_02': 'Speaker_B', 'SPEAKER_03': 'Speaker_C', 'SPEAKER_00': 'Speaker_D', 'SPEAKER_01': 'Speaker_E'}",597,117,34,54,748,205,48,714,27,21
sarvam-saaras-v3@fusion+xlit,EmsKkNN2Me4__35_95,Malayalam,166,173,0.6385542168674698,0.6325301204819277,0.6385542168674698,-0.0060240963855421326,0.09333333333333334,83,67,16,23,106,84,66,16,23,166,105,"{'SPEAKER_00': 'Speaker_A', 'SPEAKER_01': 'Speaker_B'}",83,67,16,23,166,106,14,150,3,11
sarvam-saaras-v3@fusion+xlit,ExGJodnzocM__212_527,Devanagari,1161,1166,0.08871662360034453,0.1231696813092162,0.08871662360034453,0.034453057708871665,0.027050610820244327,1078,68,15,20,103,1056,72,33,38,1161,143,"{'SPEAKER_00': 'Speaker_A', 'SPEAKER_02': 'Speaker_B', 'SPEAKER_01': 'Speaker_C', 'SPEAKER_03': 'Speaker_D'}",1078,68,15,20,1161,103,31,1146,26,5
sarvam-saaras-v3@fusion+xlit,F2uXav-wriA__0_907,Devanagari,2765,2765,0.12332730560578661,0.19421338155515372,0.12332730560578661,0.0708860759493671,0.046096654275092935,2499,191,75,75,341,2401,191,173,173,2765,537,"{'SPEAKER_01': 'Speaker_A', 'SPEAKER_02': 'Speaker_B', 'SPEAKER_00': 'Speaker_C', 'SPEAKER_03': 'Speaker_D'}",2499,191,75,75,2765,341,124,2690,114,10
sarvam-saaras-v3@fusion+xlit,FDMf9ApmoNU__16_686,Bengali,1622,1625,0.2595561035758323,0.3033292231812577,0.2595561035758323,0.043773119605425403,0.08545335942596216,1293,240,89,92,421,1255,245,122,125,1622,492,"{'SPEAKER_03': 'Speaker_A', 'SPEAKER_01': 'Speaker_B', 'SPEAKER_02': 'Speaker_C', 'SPEAKER_00': 'Speaker_D'}",1293,240,89,92,1622,421,131,1533,70,61
sarvam-saaras-v3@fusion+xlit,G6qzg93FxwE__21_116,Gujarati,267,268,0.11610486891385768,0.12359550561797752,0.11610486891385768,0.007490636704119841,0.003816793893129771,242,20,5,6,31,241,20,6,7,267,33,"{'SPEAKER_00': 'Speaker_A', 'SPEAKER_01': 'Speaker_B'}",242,20,5,6,267,31,1,262,1,0
sarvam-saaras-v3@fusion+xlit,GEc_sS2KWo8__96_290,Gujarati,517,501,0.3307543520309478,0.33849129593810445,0.3307543520309478,0.007736943907156679,0.018404907975460124,358,131,28,12,171,355,133,29,13,517,175,"{'SPEAKER_01': 'Speaker_A', 'SPEAKER_00': 'Speaker_B', 'SPEAKER_02': 'Speaker_C'}",358,131,28,12,517,171,9,489,0,9
sarvam-saaras-v3@fusion+xlit,GfFLEIAAumk__90_163,Bengali,204,202,0.16666666666666666,0.29411764705882354,0.16666666666666666,0.12745098039215688,0.0663265306122449,176,20,8,6,34,163,20,21,19,204,60,"{'SPEAKER_00': 'Speaker_A', 'SPEAKER_01': 'Speaker_B'}",176,20,8,6,204,34,13,196,13,0
sarvam-saaras-v3@fusion+xlit,Gq45evw6ytY__597_1464,Oriya,2688,2432,0.38430059523809523,0.4557291666666667,0.38430059523809523,0.07142857142857145,0.08235294117647059,1707,673,308,52,1033,1597,701,390,134,2688,1225,"{'SPEAKER_02': 'Speaker_A', 'SPEAKER_01': 'Speaker_B', 'SPEAKER_00': 'Speaker_C'}",1707,673,308,52,2688,1033,196,2380,111,85
sarvam-saaras-v3@fusion+xlit,HZv_WvIr6lE__21_105,Tamil,252,240,0.4126984126984127,0.4007936507936508,0.4126984126984127,-0.011904761904761862,0.10176991150442478,162,64,26,14,104,164,63,25,13,252,101,"{'SPEAKER_00': 'Speaker_A', 'SPEAKER_01': 'Speaker_B', 'SPEAKER_02': 'Speaker_C'}",162,64,26,14,252,104,23,226,10,13
sarvam-saaras-v3@fusion+xlit,HpYG46tGyYs__103_998,Devanagari,2564,2632,0.09204368174726989,0.09204368174726989,0.09204368174726989,0.0,0.0015760441292356187,2422,116,26,94,236,2422,116,26,94,2564,236,"{'SPEAKER_01': 'Speaker_A', 'SPEAKER_00': 'Speaker_B', 'SPEAKER_02': 'Speaker_C', 'SPEAKER_03': 'Speaker_D'}",2422,116,26,94,2564,236,4,2538,0,4
sarvam-saaras-v3@fusion+xlit,IAm1rt-MYcA__4_558,Bengali,1620,1562,0.21975308641975308,0.22530864197530864,0.21975308641975308,0.005555555555555564,0.011772400261608895,1297,232,91,33,356,1294,229,97,39,1620,365,"{'SPEAKER_03': 'Speaker_A', 'SPEAKER_02': 'Speaker_B', 'SPEAKER_00': 'Speaker_C', 'SPEAKER_01': 'Speaker_D'}",1297,232,91,33,1620,356,18,1529,7,11
sarvam-saaras-v3@fusion+xlit,Iare1Emeueg__16_69,Devanagari,139,140,0.1510791366906475,0.17985611510791366,0.1510791366906475,0.028776978417266175,0.014492753623188406,120,18,1,2,21,117,20,2,3,139,25,"{'SPEAKER_00': 'Speaker_A', 'SPEAKER_01': 'Speaker_B'}",120,18,1,2,139,21,2,138,2,0
sarvam-saaras-v3@fusion+xlit,IfTL8SSN270__62_671,Devanagari,2214,2226,0.13369467028003612,0.15718157181571815,0.13369467028003612,0.02348690153568203,0.03234880450070324,2011,122,81,93,296,1981,130,103,115,2214,348,"{'SPEAKER_00': 'Speaker_A', 'SPEAKER_02': 'Speaker_B', 'SPEAKER_03': 'Speaker_C', 'SPEAKER_01': 'Speaker_D'}",2011,122,81,93,2214,296,69,2133,46,23
sarvam-saaras-v3@fusion+xlit,Ig6szCD8m20__46_106,Devanagari,184,184,0.19021739130434784,0.18478260869565216,0.19021739130434784,-0.005434782608695676,0.017045454545454544,157,19,8,8,35,158,18,8,8,184,34,"{'SPEAKER_01': 'Speaker_A', 'SPEAKER_00': 'Speaker_B'}",157,19,8,8,184,35,3,176,0,3
sarvam-saaras-v3@fusion+xlit,Iqhnt8ENm3U__27_88,Devanagari,177,141,0.5141242937853108,0.6497175141242938,0.5141242937853108,0.13559322033898302,0.18248175182481752,90,47,40,4,91,75,53,49,13,177,115,"{'SPEAKER_00': 'Speaker_A', 'spk3': 'Speaker_B', 'SPEAKER_01': 'Speaker_C'}",90,47,40,4,177,91,25,137,14,11
sarvam-saaras-v3@fusion+xlit,J4-VpEkBzWw__0_600,Kannada,1543,1578,0.23007128969539858,0.26247569669475046,0.23007128969539858,0.032404406999351876,0.05323450134770889,1282,202,59,94,355,1254,208,81,116,1543,405,"{'SPEAKER_05': 'Speaker_A', 'SPEAKER_04': 'Speaker_B', 'SPEAKER_06': 'Speaker_C', 'SPEAKER_00': 'Speaker_D', 'SPEAKER_02': 'Speaker_E', 'SPEAKER_03': 'Speaker_F', 'SPEAKER_01': 'Speaker_G'}",1282,202,59,94,1543,355,79,1484,47,32
sarvam-saaras-v3@fusion+xlit,JBYGLQJwFDc__103_407,Tamil,658,657,0.24316109422492402,0.2613981762917933,0.24316109422492402,0.018237082066869276,0.01740506329113924,523,109,26,25,160,514,115,29,28,658,172,"{'SPEAKER_02': 'Speaker_A', 'SPEAKER_00': 'Speaker_B'}",523,109,26,25,658,160,11,632,8,3
sarvam-saaras-v3@fusion+xlit,JSB1CeS4pP8__0_632,Gurmukhi,2086,2001,0.18744007670182167,0.19463087248322147,0.18744007670182167,0.007190795781399806,0.020875763747454174,1732,232,122,37,391,1723,235,128,43,2086,406,"{'SPEAKER_01': 'Speaker_A', 'SPEAKER_00': 'Speaker_B', 'SPEAKER_02': 'Speaker_C', 'SPEAKER_03': 'Speaker_D'}",1732,232,122,37,2086,391,41,1964,14,27
sarvam-saaras-v3@fusion+xlit,Jc5AVwg2cZM__153_214,Devanagari,164,163,0.3353658536585366,0.34146341463414637,0.3353658536585366,0.0060975609756097615,0.032467532467532464,118,36,10,9,55,118,35,11,10,164,56,"{'SPEAKER_01': 'Speaker_A', 'SPEAKER_00': 'Speaker_B', 'SPEAKER_02': 'Speaker_C'}",118,36,10,9,164,55,5,154,0,5
sarvam-saaras-v3@fusion+xlit,KAtdcDieQMw__57_599,Oriya,1717,1606,0.47815958066394876,0.49970879440885263,0.47815958066394876,0.021549213744903872,0.07395287958115183,974,554,189,78,821,950,565,202,91,1717,858,"{'SPEAKER_02': 'Speaker_A', 'SPEAKER_01': 'Speaker_B', 'SPEAKER_00': 'Speaker_C'}",974,554,189,78,1717,821,113,1528,37,76
sarvam-saaras-v3@fusion+xlit,KPkRi3GM7fs__47_642,Oriya,1733,1703,0.24581650317368725,0.27178303519907676,0.24581650317368725,0.02596653202538951,0.015578190533253445,1341,328,64,34,426,1322,321,90,60,1733,471,"{'SPEAKER_02': 'Speaker_A', 'SPEAKER_01': 'Speaker_B', 'SPEAKER_00': 'Speaker_C'}",1341,328,64,34,1733,426,26,1669,19,7
sarvam-saaras-v3@fusion+xlit,Kdi-ECuOaKg__2_78,Malayalam,89,63,0.4606741573033708,0.5842696629213483,0.4606741573033708,0.1235955056179775,0.1,51,9,29,3,41,46,8,35,9,89,52,"{'SPEAKER_02': 'Speaker_B', 'spk5': 'Speaker_D', 'SPEAKER_03': 'Speaker_E', 'SPEAKER_01': 'Speaker_F'}",51,9,29,3,89,41,6,60,5,1
sarvam-saaras-v3@fusion+xlit,L7xRazDdtgw__19_83,Gujarati,101,82,0.25742574257425743,0.45544554455445546,0.25742574257425743,0.19801980198019803,0.16049382716049382,76,5,20,1,26,66,5,30,11,101,46,"{'SPEAKER_00': 'Speaker_A', 'SPEAKER_01': 'Speaker_B'}",76,5,20,1,101,26,13,81,12,1
sarvam-saaras-v3@fusion+xlit,LBIWBxQ5H1s__90_1020,Malayalam,2313,2321,0.3545179420665802,0.3614353653264159,0.3545179420665802,0.006917423259835687,0.05385329619312906,1660,494,159,167,820,1655,488,170,178,2313,836,"{'SPEAKER_01': 'Speaker_A', 'SPEAKER_03': 'Speaker_B', 'SPEAKER_02': 'Speaker_C', 'SPEAKER_00': 'Speaker_D'}",1660,494,159,167,2313,820,116,2154,30,86
sarvam-saaras-v3@fusion+xlit,LK23jX9tgZM__59_221,Gujarati,548,478,0.26824817518248173,0.29927007299270075,0.26824817518248173,0.031021897810219023,0.06209850107066381,412,55,81,11,147,406,50,92,22,548,164,"{'SPEAKER_01': 'Speaker_A', 'SPEAKER_02': 'Speaker_B', 'SPEAKER_00': 'Speaker_C'}",412,55,81,11,548,147,29,467,21,8
sarvam-saaras-v3@fusion+xlit,LctYmmr9-Vg__0_61,Devanagari,133,133,0.15037593984962405,0.15037593984962405,0.15037593984962405,0.0,0.0,115,16,2,2,20,115,16,2,2,133,20,"{'SPEAKER_01': 'Speaker_A', 'SPEAKER_00': 'Speaker_B'}",115,16,2,2,133,20,0,131,0,0
sarvam-saaras-v3@fusion+xlit,LqQHdo7t5Ps__198_498,Devanagari,677,608,0.17429837518463812,0.17429837518463812,0.17429837518463812,0.0,0.0,566,35,76,7,118,566,35,76,7,677,118,"{'SPEAKER_01': 'Speaker_A', 'SPEAKER_02': 'Speaker_B', 'SPEAKER_00': 'Speaker_C'}",566,35,76,7,677,118,0,601,0,0
sarvam-saaras-v3@fusion+xlit,Md3p6RTanBg__315_426,Bengali,284,274,0.19718309859154928,0.176056338028169,0.19718309859154928,-0.02112676056338028,0.029197080291970802,228,46,10,0,56,238,32,14,4,284,50,"{'SPEAKER_00': 'Speaker_A', 'SPEAKER_01': 'Speaker_B', 'SPEAKER_02': 'Speaker_C'}",228,46,10,0,284,56,8,274,0,8
sarvam-saaras-v3@fusion+xlit,MmtWBUK2DKE__0_310,Devanagari,1083,1067,0.18282548476454294,0.1994459833795014,0.18282548476454294,0.016620498614958457,0.023323615160349854,923,106,54,38,198,917,100,66,50,1083,216,"{'SPEAKER_00': 'Speaker_A', 'SPEAKER_01': 'Speaker_B', 'SPEAKER_02': 'Speaker_D', 'SPEAKER_03': 'Speaker_E'}",923,106,54,38,1083,198,24,1029,18,6
sarvam-saaras-v3@fusion+xlit,NLgHpYyf5bY__313_383,Devanagari,240,228,0.14166666666666666,0.13333333333333333,0.14166666666666666,-0.008333333333333331,0.0,210,14,16,4,34,211,14,15,3,240,32,"{'SPEAKER_00': 'Speaker_A', 'SPEAKER_01': 'Speaker_B'}",210,14,16,4,240,34,0,224,0,0
sarvam-saaras-v3@fusion+xlit,NuhdqCEuIBo__197_540,Gurmukhi,1369,1310,0.1585098612125639,0.15997078159240322,0.1585098612125639,0.0014609203798393033,0.01317829457364341,1172,118,79,20,217,1168,124,77,18,1369,219,"{'SPEAKER_01': 'Speaker_A', 'SPEAKER_02': 'Speaker_B', 'SPEAKER_00': 'Speaker_C'}",1172,118,79,20,1369,217,17,1290,11,6
sarvam-saaras-v3@fusion+xlit,O4_aeGFzZ8A__0_335,Kannada,675,675,0.17185185185185184,0.17185185185185184,0.17185185185185184,0.0,0.0,577,80,18,18,116,577,80,18,18,675,116,"{'SPEAKER_01': 'Speaker_A', 'SPEAKER_07': 'Speaker_B', 'SPEAKER_06': 'Speaker_C', 'SPEAKER_03': 'Speaker_D', 'SPEAKER_05': 'Speaker_E', 'SPEAKER_04': 'Speaker_F', 'SPEAKER_02': 'Speaker_G', 'SPEAKER_00': 'Speaker_H'}",577,80,18,18,675,116,0,657,0,0
sarvam-saaras-v3@fusion+xlit,OXUt5KnlUMo__91_181,Oriya,242,223,0.3925619834710744,0.3925619834710744,0.3925619834710744,0.0,0.0,149,72,21,2,95,149,72,21,2,242,95,"{'SPEAKER_01': 'Speaker_A', 'SPEAKER_00': 'Speaker_B'}",149,72,21,2,242,95,0,221,0,0
sarvam-saaras-v3@fusion+xlit,OxYCBQKZ3iY__0_1822,Gurmukhi,5524,5774,0.360065170166546,0.4212527154236061,0.360065170166546,0.061187545257060105,0.07850287907869481,4099,1111,314,564,1989,3920,1131,473,723,5524,2327,"{'SPEAKER_01': 'Speaker_A', 'SPEAKER_02': 'Speaker_B', 'SPEAKER_03': 'Speaker_C', 'SPEAKER_04': 'Speaker_D', 'SPEAKER_00': 'Speaker_E', 'SPEAKER_06': 'Speaker_F', 'SPEAKER_05': 'Speaker_G'}",4099,1111,314,564,5524,1989,409,5210,252,157
sarvam-saaras-v3@fusion+xlit,PCUA2q2C-2A__45_107,Devanagari,148,150,0.1891891891891892,0.1891891891891892,0.1891891891891892,0.0,0.0,126,18,4,6,28,126,18,4,6,148,28,"{'SPEAKER_01': 'Speaker_A', 'SPEAKER_02': 'Speaker_B', 'SPEAKER_00': 'Speaker_C'}",126,18,4,6,148,28,0,144,0,0
sarvam-saaras-v3@fusion+xlit,PEDfT9-Yf2o__0_469,Bengali,1014,1006,0.09270216962524655,0.14102564102564102,0.09270216962524655,0.048323471400394474,0.03125,934,58,22,14,94,907,63,44,36,1014,143,"{'SPEAKER_00': 'Speaker_A', 'SPEAKER_01': 'Speaker_B', 'SPEAKER_02': 'Speaker_C'}",934,58,22,14,1014,94,31,992,27,4
sarvam-saaras-v3@fusion+xlit,PQB3-4sZUeY__0_1132,Telugu,3018,2917,0.42312789927104044,0.5907886017229954,0.42312789927104044,0.16766070245195497,0.2525035765379113,1862,934,222,121,1277,1489,1174,355,254,3018,1783,"{'SPEAKER_03': 'Speaker_A', 'SPEAKER_00': 'Speaker_B', 'SPEAKER_01': 'Speaker_C', 'SPEAKER_02': 'Speaker_D'}",1862,934,222,121,3018,1277,706,2796,387,319
sarvam-saaras-v3@fusion+xlit,PRAzUz0GANs__223_283,Kannada,190,169,0.28421052631578947,0.28421052631578947,0.28421052631578947,0.0,0.018404907975460124,142,21,27,6,54,142,21,27,6,190,54,"{'SPEAKER_00': 'Speaker_A', 'SPEAKER_01': 'Speaker_B'}",142,21,27,6,190,54,3,163,1,2
sarvam-saaras-v3@fusion+xlit,PSIzXy5-y2E__2_918,Devanagari,2395,2370,0.22755741127348644,0.22588726513569937,0.22755741127348644,-0.0016701461377870708,0.035103115401491886,1941,338,116,91,545,1960,304,131,106,2395,541,"{'SPEAKER_02': 'Speaker_A', 'SPEAKER_01': 'Speaker_B', 'SPEAKER_00': 'Speaker_C'}",1941,338,116,91,2395,545,80,2279,18,62
sarvam-saaras-v3@fusion+xlit,PVDfS7lcJHY__0_360,Kannada,1024,996,0.3759765625,0.4228515625,0.3759765625,0.046875,0.08110992529348986,698,239,87,59,385,660,267,97,69,1024,433,"{'SPEAKER_00': 'Speaker_A', 'SPEAKER_02': 'Speaker_B', 'SPEAKER_03': 'Speaker_C', 'SPEAKER_05': 'Speaker_D', 'SPEAKER_04': 'Speaker_E', 'SPEAKER_01': 'Speaker_F'}",698,239,87,59,1024,385,76,937,50,26
sarvam-saaras-v3@fusion+xlit,Pjre5dpnKGA__0_330,Kannada,747,774,0.3386880856760375,0.42570281124497994,0.3386880856760375,0.08701472556894246,0.1056338028169014,558,152,37,64,253,517,169,61,88,747,318,"{'SPEAKER_00': 'Speaker_A', 'SPEAKER_02': 'Speaker_B', 'SPEAKER_01': 'Speaker_D'}",558,152,37,64,747,253,75,710,41,34
sarvam-saaras-v3@fusion+xlit,QhpjuNTZoA8__0_586,Kannada,1534,1483,0.21773142112125163,0.6636245110821382,0.21773142112125163,0.4458930899608865,0.2580195258019526,1249,185,100,49,334,915,169,450,399,1534,1018,"{'SPEAKER_01': 'Speaker_B', 'SPEAKER_00': 'Speaker_C'}",1249,185,100,49,1534,334,370,1434,341,29
sarvam-saaras-v3@fusion+xlit,QuA_B6IZ6Ls__61_1863,Devanagari,6629,6862,0.17529039070749736,0.18268215417106654,0.17529039070749736,0.007391763463569179,0.021500313873195228,5957,415,257,490,1162,5919,442,268,501,6629,1211,"{'SPEAKER_01': 'Speaker_A', 'SPEAKER_02': 'Speaker_B', 'SPEAKER_03': 'Speaker_C', 'SPEAKER_00': 'Speaker_D'}",5957,415,257,490,6629,1162,137,6372,79,58
sarvam-saaras-v3@fusion+xlit,RL2fhIEEbZg__0_65,Telugu,159,160,0.2138364779874214,0.2138364779874214,0.2138364779874214,0.0,0.019736842105263157,133,19,7,8,34,133,19,7,8,159,34,"{'SPEAKER_00': 'Speaker_A', 'SPEAKER_01': 'Speaker_C'}",133,19,7,8,159,34,3,152,2,1
sarvam-saaras-v3@fusion+xlit,RL2fhIEEbZg__66_1034,Telugu,2524,2490,0.23573692551505546,0.23454833597464342,0.23573692551505546,-0.0011885895404120383,0.02392947103274559,2037,345,142,108,595,2033,356,135,101,2524,592,"{'SPEAKER_02': 'Speaker_A', 'SPEAKER_00': 'Speaker_B', 'SPEAKER_01': 'Speaker_C'}",2037,345,142,108,2524,595,57,2382,25,32
sarvam-saaras-v3@fusion+xlit,RWTmftezCwI__0_60,Malayalam,109,113,0.3577981651376147,0.5596330275229358,0.3577981651376147,0.20183486238532106,0.12380952380952381,78,27,4,8,39,68,25,16,20,109,61,"{'SPEAKER_01': 'Speaker_A', 'SPEAKER_02': 'Speaker_B'}",78,27,4,8,109,39,13,105,10,3
sarvam-saaras-v3@fusion+xlit,RZUZyvRzi80__0_336,Gurmukhi,1083,1041,0.16620498614958448,0.16620498614958448,0.16620498614958448,0.0,0.0,925,94,64,22,180,925,94,64,22,1083,180,"{'SPEAKER_00': 'Speaker_A', 'SPEAKER_02': 'Speaker_B', 'SPEAKER_03': 'Speaker_C', 'SPEAKER_01': 'Speaker_D'}",925,94,64,22,1083,180,0,1019,0,0
sarvam-saaras-v3@fusion+xlit,SZ7ay4OjfAE__0_897,Telugu,2103,2055,0.47741321921065144,0.5649072753209701,0.47741321921065144,0.08749405611031863,0.1968421052631579,1254,646,203,155,1004,1158,654,291,243,2103,1188,"{'SPEAKER_01': 'Speaker_A', 'SPEAKER_00': 'Speaker_B', 'SPEAKER_04': 'Speaker_C', 'SPEAKER_02': 'Speaker_D', 'SPEAKER_03': 'Speaker_E'}",1254,646,203,155,2103,1004,374,1900,143,231
sarvam-saaras-v3@fusion+xlit,T3I2T-cfhG4__160_210,Devanagari,116,112,0.07758620689655173,0.07758620689655173,0.07758620689655173,0.0,0.0,109,1,6,2,9,109,1,6,2,116,9,"{'SPEAKER_00': 'Speaker_A', 'SPEAKER_01': 'Speaker_B'}",109,1,6,2,116,9,0,110,0,0
sarvam-saaras-v3@fusion+xlit,TU3M6wSQV_g__99_171,Telugu,216,207,0.30092592592592593,0.2777777777777778,0.30092592592592593,-0.02314814814814814,0.0,161,36,19,10,65,163,37,16,7,216,60,"{'SPEAKER_00': 'Speaker_A', 'SPEAKER_01': 'Speaker_B'}",161,36,19,10,216,65,0,197,0,0
sarvam-saaras-v3@fusion+xlit,Tlha36rSd5o__240_374,Tamil,301,316,0.2591362126245847,0.2591362126245847,0.2591362126245847,0.0,0.0,246,47,8,23,78,246,47,8,23,301,78,"{'SPEAKER_00': 'Speaker_A', 'SPEAKER_01': 'Speaker_B'}",246,47,8,23,301,78,0,293,0,0
sarvam-saaras-v3@fusion+xlit,TrPnW5kLAyQ__93_513,Devanagari,1065,1022,0.26291079812206575,0.26103286384976526,0.26291079812206575,-0.0018779342723004855,0.025303643724696356,819,169,77,34,280,819,171,75,32,1065,278,"{'SPEAKER_01': 'Speaker_A', 'SPEAKER_00': 'Speaker_B', 'SPEAKER_03': 'Speaker_C', 'SPEAKER_02': 'Speaker_D'}",819,169,77,34,1065,280,25,988,9,16
sarvam-saaras-v3@fusion+xlit,U_EHjxThUgc__181_289,Bengali,293,295,0.17406143344709898,0.22184300341296928,0.17406143344709898,0.047781569965870296,0.05357142857142857,257,23,13,15,51,249,25,19,21,293,65,"{'SPEAKER_01': 'Speaker_A', 'SPEAKER_02': 'Speaker_B', 'SPEAKER_00': 'Speaker_C'}",257,23,13,15,293,51,15,280,13,2
sarvam-saaras-v3@fusion+xlit,VHlIFsHPWbk__23_470,Oriya,1295,1257,0.23011583011583012,0.25637065637065637,0.23011583011583012,0.026254826254826252,0.03173311635475997,1025,204,66,28,298,997,226,72,34,1295,332,"{'SPEAKER_00': 'Speaker_A', 'SPEAKER_03': 'Speaker_B', 'SPEAKER_01': 'Speaker_C', 'SPEAKER_02': 'Speaker_D'}",1025,204,66,28,1295,298,39,1229,28,11
sarvam-saaras-v3@fusion+xlit,VKY0uuZ6Om8__575_935,Devanagari,1055,953,0.3090047393364929,0.3061611374407583,0.3090047393364929,-0.0028436018957346265,0.06277056277056277,758,166,131,29,326,759,167,129,27,1055,323,"{'SPEAKER_00': 'Speaker_A', 'SPEAKER_02': 'Speaker_B', 'SPEAKER_01': 'Speaker_C'}",758,166,131,29,1055,326,58,924,15,43
sarvam-saaras-v3@fusion+xlit,VY_4x1scS-Y__13_121,Tamil,315,306,0.30158730158730157,0.35555555555555557,0.30158730158730157,0.053968253968254,0.07482993197278912,232,62,21,12,95,226,57,32,23,315,112,"{'SPEAKER_01': 'Speaker_A', 'SPEAKER_03': 'Speaker_B', 'SPEAKER_02': 'Speaker_C', 'SPEAKER_00': 'Speaker_D'}",232,62,21,12,315,95,22,294,9,13
sarvam-saaras-v3@fusion+xlit+num,0AEEA8NyVwY__11_609,Devanagari,1303,1224,0.1780506523407521,0.18188795088257867,0.1780506523407521,0.0038372985418265726,0.00586756077116513,1102,91,110,31,232,1098,94,111,32,1303,237,"{'SPEAKER_01': 'Speaker_A', 'SPEAKER_02': 'Speaker_B', 'SPEAKER_00': 'Speaker_C'}",1102,91,110,31,1303,232,7,1193,3,4
sarvam-saaras-v3@fusion+xlit+num,0SoItGfM_sY__7_88,Kannada,165,166,0.18787878787878787,0.3393939393939394,0.18787878787878787,0.15151515151515155,0.08588957055214724,137,26,2,3,31,126,23,16,17,165,56,"{'SPEAKER_01': 'Speaker_A', 'SPEAKER_03': 'Speaker_B', 'SPEAKER_02': 'Speaker_D', 'SPEAKER_00': 'Speaker_E'}",137,26,2,3,165,31,14,163,11,3
sarvam-saaras-v3@fusion+xlit+num,0VEwL9XZ0LY__261_557,Devanagari,868,828,0.17050691244239632,0.1774193548387097,0.17050691244239632,0.006912442396313362,0.009937888198757764,743,62,63,23,148,739,64,65,25,868,154,"{'SPEAKER_00': 'Speaker_A', 'SPEAKER_01': 'Speaker_B'}",743,62,63,23,868,148,8,805,5,3
sarvam-saaras-v3@fusion+xlit+num,0esIFSOAcFs__0_913,Gujarati,2697,2710,0.18057100482017055,0.18242491657397109,0.18057100482017055,0.0018539117538005356,0.007668711656441718,2312,296,89,102,487,2303,309,85,98,2697,492,"{'SPEAKER_02': 'Speaker_A', 'SPEAKER_00': 'Speaker_B', 'SPEAKER_01': 'Speaker_C'}",2312,296,89,102,2697,487,20,2608,15,5
sarvam-saaras-v3@fusion+xlit+num,0p6cktLGIfY__12_930,Gujarati,2532,2514,0.22195892575039494,0.25829383886255924,0.22195892575039494,0.0363349131121643,0.03520261972984036,2041,402,89,71,562,1988,416,128,110,2532,654,"{'SPEAKER_04': 'Speaker_A', 'SPEAKER_00': 'Speaker_B', 'SPEAKER_02': 'Speaker_C', 'SPEAKER_03': 'Speaker_E', 'SPEAKER_01': 'Speaker_F'}",2041,402,89,71,2532,562,86,2443,56,30
sarvam-saaras-v3@fusion+xlit+num,13VBh0Z6QmE__0_904,Tamil,2396,2356,0.20659432387312188,0.24457429048414023,0.20659432387312188,0.03797996661101835,0.037694974003466206,1949,359,88,48,495,1907,352,137,97,2396,586,"{'SPEAKER_01': 'Speaker_A', 'SPEAKER_04': 'Speaker_B', 'SPEAKER_02': 'Speaker_C', 'SPEAKER_03': 'Speaker_D'}",1949,359,88,48,2396,495,87,2308,51,36
sarvam-saaras-v3@fusion+xlit+num,1LFl5JEipII__0_597,Bengali,1554,1520,0.36486486486486486,0.7464607464607464,0.36486486486486486,0.3815958815958816,0.3181179775280899,1083,341,130,96,567,815,284,455,421,1554,1160,"{'SPEAKER_03': 'Speaker_A', 'SPEAKER_04': 'Speaker_B', 'SPEAKER_02': 'Speaker_C', 'SPEAKER_00': 'Speaker_D', 'SPEAKER_01': 'Speaker_E'}",1083,341,130,96,1554,567,453,1424,303,150
sarvam-saaras-v3@fusion+xlit+num,2HGP34TNvjg__84_194,Oriya,290,285,0.2896551724137931,0.29310344827586204,0.2896551724137931,0.003448275862068917,0.025362318840579712,215,61,14,9,84,215,60,15,10,290,85,"{'SPEAKER_00': 'Speaker_A', 'SPEAKER_01': 'Speaker_B'}",215,61,14,9,290,84,7,276,0,7
sarvam-saaras-v3@fusion+xlit+num,2LN6vb7EBn0__98_394,Tamil,727,716,0.22696011004126548,0.3452544704264099,0.22696011004126548,0.1182943603851444,0.07560627674750357,577,124,26,15,165,535,122,70,59,727,251,"{'SPEAKER_01': 'Speaker_A', 'SPEAKER_00': 'Speaker_B', 'SPEAKER_02': 'Speaker_C'}",577,124,26,15,727,165,53,701,42,11
sarvam-saaras-v3@fusion+xlit+num,2T4pjueLrsk__677_1290,Gujarati,2286,1646,0.5161854768153981,0.5520559930008749,0.5161854768153981,0.035870516185476875,0.125,1144,464,678,38,1180,1086,498,702,62,2286,1262,"{'SPEAKER_00': 'Speaker_A', 'SPEAKER_02': 'Speaker_B', 'SPEAKER_01': 'Speaker_C', 'SPEAKER_03': 'Speaker_D'}",1144,464,678,38,2286,1180,201,1608,67,134
sarvam-saaras-v3@fusion+xlit+num,2gGHQgj9yno__0_99,Gujarati,282,277,0.24822695035460993,0.3723404255319149,0.24822695035460993,0.12411347517730495,0.10861423220973783,222,45,15,10,70,209,36,37,32,282,105,"{'SPEAKER_00': 'Speaker_A', 'SPEAKER_01': 'Speaker_B'}",222,45,15,10,282,70,29,267,15,14
sarvam-saaras-v3@fusion+xlit+num,2iMXYxBTwbM__339_401,Devanagari,187,205,0.4117647058823529,0.41711229946524064,0.4117647058823529,0.005347593582887722,0.011428571428571429,140,35,12,30,77,138,38,11,29,187,78,"{'SPEAKER_01': 'Speaker_A', 'SPEAKER_00': 'Speaker_C'}",140,35,12,30,187,77,2,175,1,1
sarvam-saaras-v3@fusion+xlit+num,37dND_0r6S8__60_222,Tamil,520,513,0.29423076923076924,0.31346153846153846,0.29423076923076924,0.019230769230769218,0.03054989816700611,389,102,29,22,153,385,100,35,28,520,163,"{'SPEAKER_00': 'Speaker_A', 'SPEAKER_01': 'Speaker_B'}",389,102,29,22,520,153,15,491,8,7
sarvam-saaras-v3@fusion+xlit+num,4Qg2jWP6_T0__136_202,Gurmukhi,266,252,0.3383458646616541,0.8984962406015038,0.3383458646616541,0.5601503759398496,0.375,196,36,34,20,90,127,25,114,100,266,239,"{'SPEAKER_01': 'Speaker_A', 'SPEAKER_00': 'Speaker_C'}",196,36,34,20,266,90,87,232,72,15
sarvam-saaras-v3@fusion+xlit+num,6-726qTlYeg__102_162,Malayalam,200,210,0.485,0.465,0.485,-0.019999999999999962,0.022222222222222223,133,47,20,30,97,134,49,17,27,200,93,"{'SPEAKER_00': 'Speaker_A', 'SPEAKER_01': 'Speaker_B'}",133,47,20,30,200,97,4,180,0,4
sarvam-saaras-v3@fusion+xlit+num,6ZeRgvDHwcI__6_100,Gujarati,189,194,0.14814814814814814,0.14814814814814814,0.14814814814814814,0.0,0.005376344086021506,169,17,3,8,28,170,15,4,9,189,28,"{'SPEAKER_00': 'Speaker_A', 'SPEAKER_01': 'Speaker_B'}",169,17,3,8,189,28,1,186,0,1
sarvam-saaras-v3@fusion+xlit+num,6f6TLzlP8Wk__82_144,Gurmukhi,236,224,0.2245762711864407,0.2288135593220339,0.2245762711864407,0.004237288135593209,0.004545454545454545,187,33,16,4,53,187,32,17,5,236,54,"{'SPEAKER_01': 'Speaker_A', 'SPEAKER_00': 'Speaker_B'}",187,33,16,4,236,53,1,220,0,1
sarvam-saaras-v3@fusion+xlit+num,7L4gi7Ncc0s__90_148,Malayalam,120,110,0.25,0.25,0.25,0.0,0.0,94,12,14,4,30,94,12,14,4,120,30,"{'SPEAKER_01': 'Speaker_A', 'SPEAKER_00': 'Speaker_B'}",94,12,14,4,120,30,0,106,0,0
sarvam-saaras-v3@fusion+xlit+num,7WhVNRHbjIY__91_1089,Tamil,2491,2532,0.19710959454034524,0.20112404656764352,0.19710959454034524,0.0040144520272982764,0.005321326238231682,2089,354,48,89,491,2082,358,51,92,2491,501,"{'SPEAKER_04': 'Speaker_A', 'SPEAKER_02': 'Speaker_B', 'SPEAKER_01': 'Speaker_C', 'SPEAKER_03': 'Speaker_D', 'SPEAKER_00': 'Speaker_E'}",2089,354,48,89,2491,491,13,2443,9,4
sarvam-saaras-v3@fusion+xlit+num,7YfsQPYY-W0__351_411,Oriya,197,196,0.5279187817258884,0.6598984771573604,0.5279187817258884,0.13197969543147203,0.11428571428571428,114,61,22,21,104,101,61,35,34,197,130,"{'SPEAKER_00': 'Speaker_A', 'SPEAKER_01': 'Speaker_B'}",114,61,22,21,197,104,20,175,15,5
sarvam-saaras-v3@fusion+xlit+num,7c9ePKgqams__299_869,Telugu,1530,1462,0.25555555555555554,0.2568627450980392,0.25555555555555554,0.0013071895424836555,0.0041928721174004195,1170,261,99,31,391,1171,257,102,34,1530,393,"{'SPEAKER_00': 'Speaker_B', 'SPEAKER_01': 'Speaker_C', 'SPEAKER_02': 'Speaker_D'}",1170,261,99,31,1530,391,6,1431,0,6
sarvam-saaras-v3@fusion+xlit+num,7k-xDqNjESc__73_981,Malayalam,2159,2073,0.2654006484483557,0.38304770727188514,0.2654006484483557,0.11764705882352944,0.09804902451225612,1660,339,160,74,573,1538,329,292,206,2159,827,"{'SPEAKER_02': 'Speaker_B', 'SPEAKER_01': 'Speaker_C', 'SPEAKER_00': 'Speaker_D'}",1660,339,160,74,2159,573,196,1999,132,64
sarvam-saaras-v3@fusion+xlit+num,83gP2vLH7UY__255_2005,Devanagari,5799,5362,0.2665976892567684,0.26797723745473356,0.2665976892567684,0.0013795481979651525,0.07975819032761311,4487,641,671,234,1546,4500,607,692,255,5799,1554,"{'SPEAKER_01': 'Speaker_A', 'SPEAKER_00': 'Speaker_B', 'SPEAKER_03': 'Speaker_C', 'SPEAKER_04': 'Speaker_D', 'SPEAKER_02': 'Speaker_E'}",4487,641,671,234,5799,1546,409,5128,189,220
sarvam-saaras-v3@fusion+xlit+num,86mMTUeDiR8__181_1079,Bengali,2267,2186,0.2655491839435377,0.4362593736215262,0.2655491839435377,0.1707101896779885,0.170313986679353,1749,353,165,84,602,1520,424,323,242,2267,989,"{'SPEAKER_03': 'Speaker_A', 'SPEAKER_02': 'Speaker_B', 'SPEAKER_01': 'Speaker_C', 'SPEAKER_04': 'Speaker_D', 'SPEAKER_00': 'Speaker_E'}",1749,353,165,84,2267,602,358,2102,255,103
sarvam-saaras-v3@fusion+xlit+num,87Zbup3ohcw__106_445,Tamil,741,745,0.1700404858299595,0.1700404858299595,0.1700404858299595,0.0,0.0013850415512465374,638,84,19,23,126,638,84,19,23,741,126,"{'SPEAKER_01': 'Speaker_A', 'SPEAKER_02': 'Speaker_B', 'SPEAKER_03': 'Speaker_C', 'SPEAKER_00': 'Speaker_D'}",638,84,19,23,741,126,1,722,0,1
sarvam-saaras-v3@fusion+xlit+num,8Ve4SWhlrrA__0_70,Oriya,133,133,0.16541353383458646,0.23308270676691728,0.16541353383458646,0.06766917293233082,0.03816793893129771,113,18,2,2,22,109,17,7,7,133,31,{'SPEAKER_00': 'Speaker_A'},113,18,2,2,133,22,5,131,4,1
sarvam-saaras-v3@fusion+xlit+num,8mvORuRHw2U__0_1197,Gujarati,3425,3397,0.192992700729927,0.21226277372262772,0.192992700729927,0.019270072992700726,0.03114400246685168,2918,325,182,154,661,2866,363,196,168,3425,727,"{'SPEAKER_01': 'Speaker_A', 'SPEAKER_03': 'Speaker_B', 'SPEAKER_00': 'Speaker_C', 'SPEAKER_02': 'Speaker_D'}",2918,325,182,154,3425,661,101,3243,56,45
sarvam-saaras-v3@fusion+xlit+num,8o7jKmq6HsM__30_1770,Devanagari,4454,4278,0.2584193982936686,0.2570722945666816,0.2584193982936686,-0.0013471037269869868,0.011402231926249394,3459,663,332,156,1151,3453,681,320,144,4454,1145,"{'SPEAKER_04': 'Speaker_A', 'SPEAKER_02': 'Speaker_B', 'SPEAKER_01': 'Speaker_C', 'SPEAKER_00': 'Speaker_D', 'SPEAKER_03': 'Speaker_E', 'SPEAKER_05': 'Speaker_F'}",3459,663,332,156,4454,1151,47,4122,8,39
sarvam-saaras-v3@fusion+xlit+num,8pkp-lpMJP0__326_926,Telugu,1482,1402,0.45681511470985153,0.52834008097166,0.45681511470985153,0.07152496626180843,0.170376055257099,904,399,179,99,677,852,397,233,153,1482,783,"{'SPEAKER_03': 'Speaker_A', 'SPEAKER_02': 'Speaker_B', 'SPEAKER_00': 'Speaker_C', 'SPEAKER_04': 'Speaker_D', 'SPEAKER_06': 'Speaker_E', 'SPEAKER_01': 'Speaker_G', 'SPEAKER_05': 'Speaker_H'}",904,399,179,99,1482,677,222,1303,73,149
sarvam-saaras-v3@fusion+xlit+num,8r2Nltl0W4o__259_320,Gurmukhi,253,234,0.25296442687747034,0.2450592885375494,0.25296442687747034,-0.00790513833992093,0.013333333333333334,198,27,28,9,64,200,25,28,9,253,62,"{'SPEAKER_01': 'Speaker_A', 'SPEAKER_00': 'Speaker_B'}",198,27,28,9,253,64,3,225,2,1
sarvam-saaras-v3@fusion+xlit+num,90uAd6xpTPo__16_408,Devanagari,1212,1206,0.07178217821782178,0.07178217821782178,0.07178217821782178,0.0,0.0008389261744966443,1139,53,20,14,87,1139,53,20,14,1212,87,"{'SPEAKER_03': 'Speaker_A', 'SPEAKER_02': 'Speaker_B', 'SPEAKER_01': 'Speaker_C', 'SPEAKER_00': 'Speaker_D'}",1139,53,20,14,1212,87,1,1192,1,0
sarvam-saaras-v3@fusion+xlit+num,9Aw8kg8w5Xo__0_83,Telugu,199,200,0.21105527638190955,0.21608040201005024,0.21105527638190955,0.0050251256281406975,0.015706806282722512,166,25,8,9,42,166,24,9,10,199,43,"{'SPEAKER_00': 'Speaker_A', 'SPEAKER_02': 'Speaker_C', 'SPEAKER_01': 'Speaker_D'}",166,25,8,9,199,42,3,191,0,3
sarvam-saaras-v3@fusion+xlit+num,9_GMxc_JjyI__236_368,Kannada,361,360,0.21606648199445982,0.19390581717451524,0.21606648199445982,-0.02216066481994458,0.014577259475218658,300,43,18,17,78,301,49,11,10,361,70,"{'SPEAKER_01': 'Speaker_A', 'SPEAKER_00': 'Speaker_B'}",300,43,18,17,361,78,5,343,2,3
sarvam-saaras-v3@fusion+xlit+num,ARCKJrGkITw__14_496,Telugu,1375,1292,0.2545454545454545,0.25527272727272726,0.2545454545454545,0.0007272727272727431,0.02058590657165479,1054,209,112,29,350,1056,204,115,32,1375,351,"{'SPEAKER_02': 'Speaker_A', 'SPEAKER_00': 'Speaker_B', 'SPEAKER_01': 'Speaker_C'}",1054,209,112,29,1375,350,26,1263,9,17
sarvam-saaras-v3@fusion+xlit+num,ARZl7LT0UC0__73_130,Telugu,150,153,0.26,0.4,0.26,0.14,0.19718309859154928,122,20,8,11,39,113,17,20,23,150,60,"{'SPEAKER_01': 'Speaker_A', 'SPEAKER_02': 'Speaker_B', 'SPEAKER_00': 'Speaker_C'}",122,20,8,11,150,39,28,142,18,10
sarvam-saaras-v3@fusion+xlit+num,A_dohDOK6Ic__0_600,Devanagari,1829,1839,0.09622744669218151,0.09622744669218151,0.09622744669218151,0.0,0.0005549389567147614,1690,112,27,37,176,1690,112,27,37,1829,176,"{'SPEAKER_02': 'Speaker_A', 'SPEAKER_00': 'Speaker_B', 'SPEAKER_01': 'Speaker_C'}",1690,112,27,37,1829,176,1,1802,1,0
sarvam-saaras-v3@fusion+xlit+num,B2ScTgeIIck__117_180,Oriya,174,158,0.2988505747126437,0.28160919540229884,0.2988505747126437,-0.017241379310344862,0.0457516339869281,127,26,21,5,52,129,25,20,4,174,49,"{'SPEAKER_00': 'Speaker_A', 'SPEAKER_01': 'Speaker_B'}",127,26,21,5,174,52,7,153,1,6
sarvam-saaras-v3@fusion+xlit+num,BGAAfht5dYw__0_612,Gujarati,2067,2104,0.3173681664247702,0.3570391872278665,0.3173681664247702,0.03967102080309626,0.07676664972038638,1548,419,100,137,656,1503,427,137,174,2067,738,"{'SPEAKER_01': 'Speaker_A', 'SPEAKER_00': 'Speaker_B', 'SPEAKER_03': 'Speaker_C', 'SPEAKER_02': 'Speaker_D'}",1548,419,100,137,2067,656,151,1967,63,88
sarvam-saaras-v3@fusion+xlit+num,BYLcUGNB_zM__20_1387,Kannada,3270,3328,0.17737003058103976,0.17706422018348625,0.17737003058103976,-0.0003058103975535076,0.0031456432840515887,2839,340,91,149,580,2840,339,91,149,3270,579,"{'SPEAKER_00': 'Speaker_A', 'SPEAKER_03': 'Speaker_B', 'SPEAKER_02': 'Speaker_C', 'SPEAKER_01': 'Speaker_D'}",2839,340,91,149,3270,580,10,3179,1,9
sarvam-saaras-v3@fusion+xlit+num,Bngfppo1QtA__28_927,Telugu,2344,2486,0.3963310580204778,0.42448805460750855,0.3963310580204778,0.028156996587030747,0.08148483476686283,1692,517,135,277,929,1654,527,163,305,2344,995,"{'SPEAKER_00': 'Speaker_A', 'SPEAKER_04': 'Speaker_B', 'SPEAKER_02': 'Speaker_C', 'SPEAKER_01': 'Speaker_D', 'SPEAKER_03': 'Speaker_E'}",1692,517,135,277,2344,929,180,2209,58,122
sarvam-saaras-v3@fusion+xlit+num,CO_8ppdzq9U__0_695,Tamil,1592,1623,0.37248743718592964,0.3907035175879397,0.37248743718592964,0.01821608040201006,0.030678851174934726,1090,442,60,91,593,1073,447,72,103,1592,622,"{'SPEAKER_01': 'Speaker_A', 'SPEAKER_00': 'Speaker_B', 'SPEAKER_03': 'Speaker_C', 'SPEAKER_02': 'Speaker_D'}",1090,442,60,91,1592,593,47,1532,19,28
sarvam-saaras-v3@fusion+xlit+num,Cku_X_SL7qU__60_660,Gujarati,1774,1659,0.46392333709131905,0.5980834272829764,0.46392333709131905,0.1341600901916573,0.239321608040201,1018,574,182,67,823,823,726,225,110,1774,1061,"{'SPEAKER_00': 'Speaker_A', 'SPEAKER_02': 'Speaker_B', 'SPEAKER_01': 'Speaker_C'}",1018,574,182,67,1774,823,381,1592,202,179
sarvam-saaras-v3@fusion+xlit+num,DPmew0didIM__191_512,Telugu,748,772,0.2700534759358289,0.32219251336898397,0.2700534759358289,0.05213903743315507,0.06694560669456066,601,116,31,55,202,584,111,53,77,748,241,"{'SPEAKER_04': 'Speaker_A', 'SPEAKER_02': 'Speaker_B', 'SPEAKER_03': 'Speaker_C', 'SPEAKER_00': 'Speaker_D', 'SPEAKER_01': 'Speaker_E'}",601,116,31,55,748,202,48,717,27,21
sarvam-saaras-v3@fusion+xlit+num,EmsKkNN2Me4__35_95,Malayalam,166,173,0.6204819277108434,0.6144578313253012,0.6204819277108434,-0.006024096385542244,0.08843537414965986,89,58,19,26,103,88,61,17,24,166,102,"{'SPEAKER_00': 'Speaker_A', 'SPEAKER_01': 'Speaker_B'}",89,58,19,26,166,103,13,147,4,9
sarvam-saaras-v3@fusion+xlit+num,ExGJodnzocM__212_527,Devanagari,1161,1166,0.08871662360034453,0.1231696813092162,0.08871662360034453,0.034453057708871665,0.027050610820244327,1078,68,15,20,103,1056,72,33,38,1161,143,"{'SPEAKER_00': 'Speaker_A', 'SPEAKER_02': 'Speaker_B', 'SPEAKER_01': 'Speaker_C', 'SPEAKER_03': 'Speaker_D'}",1078,68,15,20,1161,103,31,1146,26,5
sarvam-saaras-v3@fusion+xlit+num,F2uXav-wriA__0_907,Devanagari,2765,2772,0.11464737793851718,0.18517179023508137,0.11464737793851718,0.0705244122965642,0.045319465081723624,2528,164,73,80,317,2429,167,169,176,2765,512,"{'SPEAKER_01': 'Speaker_A', 'SPEAKER_02': 'Speaker_B', 'SPEAKER_00': 'Speaker_C', 'SPEAKER_03': 'Speaker_D'}",2528,164,73,80,2765,317,122,2692,114,8
sarvam-saaras-v3@fusion+xlit+num,FDMf9ApmoNU__16_686,Bengali,1622,1626,0.2589395807644883,0.3027127003699137,0.2589395807644883,0.043773119605425403,0.08539765319426336,1294,240,88,92,420,1256,245,121,125,1622,491,"{'SPEAKER_03': 'Speaker_A', 'SPEAKER_01': 'Speaker_B', 'SPEAKER_02': 'Speaker_C', 'SPEAKER_00': 'Speaker_D'}",1294,240,88,92,1622,420,131,1534,70,61
sarvam-saaras-v3@fusion+xlit+num,G6qzg93FxwE__21_116,Gujarati,267,268,0.11610486891385768,0.12359550561797752,0.11610486891385768,0.007490636704119841,0.003816793893129771,242,20,5,6,31,241,20,6,7,267,33,"{'SPEAKER_00': 'Speaker_A', 'SPEAKER_01': 'Speaker_B'}",242,20,5,6,267,31,1,262,1,0
sarvam-saaras-v3@fusion+xlit+num,GEc_sS2KWo8__96_290,Gujarati,517,501,0.3307543520309478,0.33849129593810445,0.3307543520309478,0.007736943907156679,0.018404907975460124,358,131,28,12,171,355,133,29,13,517,175,"{'SPEAKER_01': 'Speaker_A', 'SPEAKER_00': 'Speaker_B', 'SPEAKER_02': 'Speaker_C'}",358,131,28,12,517,171,9,489,0,9
sarvam-saaras-v3@fusion+xlit+num,GfFLEIAAumk__90_163,Bengali,204,202,0.16666666666666666,0.29411764705882354,0.16666666666666666,0.12745098039215688,0.0663265306122449,176,20,8,6,34,163,20,21,19,204,60,"{'SPEAKER_00': 'Speaker_A', 'SPEAKER_01': 'Speaker_B'}",176,20,8,6,204,34,13,196,13,0
sarvam-saaras-v3@fusion+xlit+num,Gq45evw6ytY__597_1464,Oriya,2688,2455,0.38392857142857145,0.4557291666666667,0.38392857142857145,0.07180059523809523,0.08239230447511502,1720,671,297,64,1032,1610,698,380,147,2688,1225,"{'SPEAKER_02': 'Speaker_A', 'SPEAKER_01': 'Speaker_B', 'SPEAKER_00': 'Speaker_C'}",1720,671,297,64,2688,1032,197,2391,111,86
sarvam-saaras-v3@fusion+xlit+num,HZv_WvIr6lE__21_105,Tamil,252,240,0.4126984126984127,0.4007936507936508,0.4126984126984127,-0.011904761904761862,0.10176991150442478,162,64,26,14,104,164,63,25,13,252,101,"{'SPEAKER_00': 'Speaker_A', 'SPEAKER_01': 'Speaker_B', 'SPEAKER_02': 'Speaker_C'}",162,64,26,14,252,104,23,226,10,13
sarvam-saaras-v3@fusion+xlit+num,HpYG46tGyYs__103_998,Devanagari,2564,2632,0.08931357254290172,0.08931357254290172,0.08931357254290172,0.0,0.0015760441292356187,2429,109,26,94,229,2429,109,26,94,2564,229,"{'SPEAKER_01': 'Speaker_A', 'SPEAKER_00': 'Speaker_B', 'SPEAKER_02': 'Speaker_C', 'SPEAKER_03': 'Speaker_D'}",2429,109,26,94,2564,229,4,2538,0,4
sarvam-saaras-v3@fusion+xlit+num,IAm1rt-MYcA__4_558,Bengali,1620,1562,0.21728395061728395,0.2228395061728395,0.21728395061728395,0.005555555555555564,0.011772400261608895,1301,228,91,33,352,1298,225,97,39,1620,361,"{'SPEAKER_03': 'Speaker_A', 'SPEAKER_02': 'Speaker_B', 'SPEAKER_00': 'Speaker_C', 'SPEAKER_01': 'Speaker_D'}",1301,228,91,33,1620,352,18,1529,7,11
sarvam-saaras-v3@fusion+xlit+num,Iare1Emeueg__16_69,Devanagari,139,140,0.1510791366906475,0.17985611510791366,0.1510791366906475,0.028776978417266175,0.014492753623188406,120,18,1,2,21,117,20,2,3,139,25,"{'SPEAKER_00': 'Speaker_A', 'SPEAKER_01': 'Speaker_B'}",120,18,1,2,139,21,2,138,2,0
sarvam-saaras-v3@fusion+xlit+num,IfTL8SSN270__62_671,Devanagari,2214,2226,0.13279132791327913,0.15627822944896116,0.13279132791327913,0.02348690153568203,0.03234880450070324,2013,120,81,93,294,1983,128,103,115,2214,346,"{'SPEAKER_00': 'Speaker_A', 'SPEAKER_02': 'Speaker_B', 'SPEAKER_03': 'Speaker_C', 'SPEAKER_01': 'Speaker_D'}",2013,120,81,93,2214,294,69,2133,46,23
sarvam-saaras-v3@fusion+xlit+num,Ig6szCD8m20__46_106,Devanagari,184,186,0.18478260869565216,0.1793478260869565,0.18478260869565216,-0.0054347826086956486,0.01694915254237288,159,18,7,9,34,160,17,7,9,184,33,"{'SPEAKER_01': 'Speaker_A', 'SPEAKER_00': 'Speaker_B'}",159,18,7,9,184,34,3,177,0,3
sarvam-saaras-v3@fusion+xlit+num,Iqhnt8ENm3U__27_88,Devanagari,177,141,0.5141242937853108,0.6497175141242938,0.5141242937853108,0.13559322033898302,0.18248175182481752,90,47,40,4,91,75,53,49,13,177,115,"{'SPEAKER_00': 'Speaker_A', 'spk3': 'Speaker_B', 'SPEAKER_01': 'Speaker_C'}",90,47,40,4,177,91,25,137,14,11
sarvam-saaras-v3@fusion+xlit+num,J4-VpEkBzWw__0_600,Kannada,1543,1578,0.2287751134154245,0.26117952041477643,0.2287751134154245,0.03240440699935193,0.05323450134770889,1284,200,59,94,353,1256,206,81,116,1543,403,"{'SPEAKER_05': 'Speaker_A', 'SPEAKER_04': 'Speaker_B', 'SPEAKER_06': 'Speaker_C', 'SPEAKER_00': 'Speaker_D', 'SPEAKER_02': 'Speaker_E', 'SPEAKER_03': 'Speaker_F', 'SPEAKER_01': 'Speaker_G'}",1284,200,59,94,1543,353,79,1484,47,32
sarvam-saaras-v3@fusion+xlit+num,JBYGLQJwFDc__103_407,Tamil,658,662,0.23860182370820668,0.256838905775076,0.23860182370820668,0.01823708206686933,0.01726844583987441,526,111,21,25,157,517,117,24,28,658,169,"{'SPEAKER_02': 'Speaker_A', 'SPEAKER_00': 'Speaker_B'}",526,111,21,25,658,157,11,637,8,3
sarvam-saaras-v3@fusion+xlit+num,JSB1CeS4pP8__0_632,Gurmukhi,2086,2001,0.18648130393096837,0.19367209971236818,0.18648130393096837,0.007190795781399806,0.020875763747454174,1734,230,122,37,389,1725,233,128,43,2086,404,"{'SPEAKER_01': 'Speaker_A', 'SPEAKER_00': 'Speaker_B', 'SPEAKER_02': 'Speaker_C', 'SPEAKER_03': 'Speaker_D'}",1734,230,122,37,2086,389,41,1964,14,27
sarvam-saaras-v3@fusion+xlit+num,Jc5AVwg2cZM__153_214,Devanagari,164,163,0.3353658536585366,0.34146341463414637,0.3353658536585366,0.0060975609756097615,0.032467532467532464,118,36,10,9,55,118,35,11,10,164,56,"{'SPEAKER_01': 'Speaker_A', 'SPEAKER_00': 'Speaker_B', 'SPEAKER_02': 'Speaker_C'}",118,36,10,9,164,55,5,154,0,5
sarvam-saaras-v3@fusion+xlit+num,KAtdcDieQMw__57_599,Oriya,1717,1622,0.47815958066394876,0.49970879440885263,0.47815958066394876,0.021549213744903872,0.07482108002602472,981,556,180,85,821,957,567,193,98,1717,858,"{'SPEAKER_02': 'Speaker_A', 'SPEAKER_01': 'Speaker_B', 'SPEAKER_00': 'Speaker_C'}",981,556,180,85,1717,821,115,1537,37,78
sarvam-saaras-v3@fusion+xlit+num,KPkRi3GM7fs__47_642,Oriya,1733,1710,0.2423542989036353,0.2683208309290248,0.2423542989036353,0.02596653202538951,0.015540944411237299,1350,323,60,37,420,1331,316,86,63,1733,465,"{'SPEAKER_02': 'Speaker_A', 'SPEAKER_01': 'Speaker_B', 'SPEAKER_00': 'Speaker_C'}",1350,323,60,37,1733,420,26,1673,19,7
sarvam-saaras-v3@fusion+xlit+num,Kdi-ECuOaKg__2_78,Malayalam,89,63,0.4606741573033708,0.5842696629213483,0.4606741573033708,0.1235955056179775,0.1,51,9,29,3,41,46,8,35,9,89,52,"{'SPEAKER_02': 'Speaker_B', 'spk5': 'Speaker_D', 'SPEAKER_03': 'Speaker_E', 'SPEAKER_01': 'Speaker_F'}",51,9,29,3,89,41,6,60,5,1
sarvam-saaras-v3@fusion+xlit+num,L7xRazDdtgw__19_83,Gujarati,101,82,0.25742574257425743,0.45544554455445546,0.25742574257425743,0.19801980198019803,0.16049382716049382,76,5,20,1,26,66,5,30,11,101,46,"{'SPEAKER_00': 'Speaker_A', 'SPEAKER_01': 'Speaker_B'}",76,5,20,1,101,26,13,81,12,1
sarvam-saaras-v3@fusion+xlit+num,LBIWBxQ5H1s__90_1020,Malayalam,2313,2321,0.35365326415910076,0.36057068741893644,0.35365326415910076,0.006917423259835687,0.05385329619312906,1662,492,159,167,818,1657,486,170,178,2313,834,"{'SPEAKER_01': 'Speaker_A', 'SPEAKER_03': 'Speaker_B', 'SPEAKER_02': 'Speaker_C', 'SPEAKER_00': 'Speaker_D'}",1662,492,159,167,2313,818,116,2154,30,86
sarvam-saaras-v3@fusion+xlit+num,LK23jX9tgZM__59_221,Gujarati,548,479,0.2664233576642336,0.29744525547445255,0.2664233576642336,0.031021897810218968,0.06423982869379015,414,53,81,12,146,408,48,92,23,548,163,"{'SPEAKER_01': 'Speaker_A', 'SPEAKER_02': 'Speaker_B', 'SPEAKER_00': 'Speaker_C'}",414,53,81,12,548,146,30,467,22,8
sarvam-saaras-v3@fusion+xlit+num,LctYmmr9-Vg__0_61,Devanagari,133,133,0.15037593984962405,0.15037593984962405,0.15037593984962405,0.0,0.0,115,16,2,2,20,115,16,2,2,133,20,"{'SPEAKER_01': 'Speaker_A', 'SPEAKER_00': 'Speaker_B'}",115,16,2,2,133,20,0,131,0,0
sarvam-saaras-v3@fusion+xlit+num,LqQHdo7t5Ps__198_498,Devanagari,677,608,0.17429837518463812,0.17429837518463812,0.17429837518463812,0.0,0.0,566,35,76,7,118,566,35,76,7,677,118,"{'SPEAKER_01': 'Speaker_A', 'SPEAKER_02': 'Speaker_B', 'SPEAKER_00': 'Speaker_C'}",566,35,76,7,677,118,0,601,0,0
sarvam-saaras-v3@fusion+xlit+num,Md3p6RTanBg__315_426,Bengali,284,274,0.1936619718309859,0.17253521126760563,0.1936619718309859,-0.02112676056338028,0.029197080291970802,229,45,10,0,55,239,31,14,4,284,49,"{'SPEAKER_00': 'Speaker_A', 'SPEAKER_01': 'Speaker_B', 'SPEAKER_02': 'Speaker_C'}",229,45,10,0,284,55,8,274,0,8
sarvam-saaras-v3@fusion+xlit+num,MmtWBUK2DKE__0_310,Devanagari,1083,1067,0.1809787626962142,0.19759926131117267,0.1809787626962142,0.016620498614958457,0.023323615160349854,925,104,54,38,196,919,98,66,50,1083,214,"{'SPEAKER_00': 'Speaker_A', 'SPEAKER_01': 'Speaker_B', 'SPEAKER_02': 'Speaker_D', 'SPEAKER_03': 'Speaker_E'}",925,104,54,38,1083,196,24,1029,18,6
sarvam-saaras-v3@fusion+xlit+num,NLgHpYyf5bY__313_383,Devanagari,240,228,0.1375,0.12916666666666668,0.1375,-0.008333333333333331,0.0,211,13,16,4,33,212,13,15,3,240,31,"{'SPEAKER_00': 'Speaker_A', 'SPEAKER_01': 'Speaker_B'}",211,13,16,4,240,33,0,224,0,0
sarvam-saaras-v3@fusion+xlit+num,NuhdqCEuIBo__197_540,Gurmukhi,1369,1314,0.1468224981738495,0.14828341855368882,0.1468224981738495,0.0014609203798393033,0.01313755795981453,1188,106,75,20,201,1184,112,73,18,1369,203,"{'SPEAKER_01': 'Speaker_A', 'SPEAKER_02': 'Speaker_B', 'SPEAKER_00': 'Speaker_C'}",1188,106,75,20,1369,201,17,1294,11,6
sarvam-saaras-v3@fusion+xlit+num,O4_aeGFzZ8A__0_335,Kannada,675,675,0.1674074074074074,0.1674074074074074,0.1674074074074074,0.0,0.0,580,77,18,18,113,580,77,18,18,675,113,"{'SPEAKER_01': 'Speaker_A', 'SPEAKER_07': 'Speaker_B', 'SPEAKER_06': 'Speaker_C', 'SPEAKER_03': 'Speaker_D', 'SPEAKER_05': 'Speaker_E', 'SPEAKER_04': 'Speaker_F', 'SPEAKER_02': 'Speaker_G', 'SPEAKER_00': 'Speaker_H'}",580,77,18,18,675,113,0,657,0,0
sarvam-saaras-v3@fusion+xlit+num,OXUt5KnlUMo__91_181,Oriya,242,223,0.3884297520661157,0.3884297520661157,0.3884297520661157,0.0,0.0,150,71,21,2,94,150,71,21,2,242,94,"{'SPEAKER_01': 'Speaker_A', 'SPEAKER_00': 'Speaker_B'}",150,71,21,2,242,94,0,221,0,0
sarvam-saaras-v3@fusion+xlit+num,OxYCBQKZ3iY__0_1822,Gurmukhi,5524,5776,0.3578928312816799,0.41908037653874003,0.3578928312816799,0.061187545257060105,0.07847275518035303,4111,1101,312,564,1977,3932,1121,471,723,5524,2315,"{'SPEAKER_01': 'Speaker_A', 'SPEAKER_02': 'Speaker_B', 'SPEAKER_03': 'Speaker_C', 'SPEAKER_04': 'Speaker_D', 'SPEAKER_00': 'Speaker_E', 'SPEAKER_06': 'Speaker_F', 'SPEAKER_05': 'Speaker_G'}",4111,1101,312,564,5524,1977,409,5212,252,157
sarvam-saaras-v3@fusion+xlit+num,PCUA2q2C-2A__45_107,Devanagari,148,150,0.1891891891891892,0.1891891891891892,0.1891891891891892,0.0,0.0,126,18,4,6,28,126,18,4,6,148,28,"{'SPEAKER_01': 'Speaker_A', 'SPEAKER_02': 'Speaker_B', 'SPEAKER_00': 'Speaker_C'}",126,18,4,6,148,28,0,144,0,0
sarvam-saaras-v3@fusion+xlit+num,PEDfT9-Yf2o__0_469,Bengali,1014,1006,0.09270216962524655,0.14102564102564102,0.09270216962524655,0.048323471400394474,0.03125,934,58,22,14,94,907,63,44,36,1014,143,"{'SPEAKER_00': 'Speaker_A', 'SPEAKER_01': 'Speaker_B', 'SPEAKER_02': 'Speaker_C'}",934,58,22,14,1014,94,31,992,27,4
sarvam-saaras-v3@fusion+xlit+num,PQB3-4sZUeY__0_1132,Telugu,3018,2925,0.42147117296222664,0.5891318754141815,0.42147117296222664,0.1676607024519549,0.25080271138066357,1868,935,215,122,1272,1499,1167,352,259,3018,1778,"{'SPEAKER_03': 'Speaker_A', 'SPEAKER_00': 'Speaker_B', 'SPEAKER_01': 'Speaker_C', 'SPEAKER_02': 'Speaker_D'}",1868,935,215,122,3018,1272,703,2803,388,315
sarvam-saaras-v3@fusion+xlit+num,PRAzUz0GANs__223_283,Kannada,190,169,0.28421052631578947,0.28421052631578947,0.28421052631578947,0.0,0.018404907975460124,142,21,27,6,54,142,21,27,6,190,54,"{'SPEAKER_00': 'Speaker_A', 'SPEAKER_01': 'Speaker_B'}",142,21,27,6,190,54,3,163,1,2
sarvam-saaras-v3@fusion+xlit+num,PSIzXy5-y2E__2_918,Devanagari,2395,2372,0.22755741127348644,0.22588726513569937,0.22755741127348644,-0.0016701461377870708,0.035072336694432264,1941,340,114,91,545,1960,306,129,106,2395,541,"{'SPEAKER_02': 'Speaker_A', 'SPEAKER_01': 'Speaker_B', 'SPEAKER_00': 'Speaker_C'}",1941,340,114,91,2395,545,80,2281,18,62
sarvam-saaras-v3@fusion+xlit+num,PVDfS7lcJHY__0_360,Kannada,1024,996,0.365234375,0.412109375,0.365234375,0.046875,0.08110992529348986,709,228,87,59,374,671,256,97,69,1024,422,"{'SPEAKER_00': 'Speaker_A', 'SPEAKER_02': 'Speaker_B', 'SPEAKER_03': 'Speaker_C', 'SPEAKER_05': 'Speaker_D', 'SPEAKER_04': 'Speaker_E', 'SPEAKER_01': 'Speaker_F'}",709,228,87,59,1024,374,76,937,51,25
sarvam-saaras-v3@fusion+xlit+num,Pjre5dpnKGA__0_330,Kannada,747,774,0.3386880856760375,0.42570281124497994,0.3386880856760375,0.08701472556894246,0.1056338028169014,558,152,37,64,253,517,169,61,88,747,318,"{'SPEAKER_00': 'Speaker_A', 'SPEAKER_02': 'Speaker_B', 'SPEAKER_01': 'Speaker_D'}",558,152,37,64,747,253,75,710,41,34
sarvam-saaras-v3@fusion+xlit+num,QhpjuNTZoA8__0_586,Kannada,1534,1483,0.2138200782268579,0.6597131681877445,0.2138200782268579,0.4458930899608866,0.2580195258019526,1255,179,100,49,328,921,163,450,399,1534,1012,"{'SPEAKER_01': 'Speaker_B', 'SPEAKER_00': 'Speaker_C'}",1255,179,100,49,1534,328,370,1434,341,29
sarvam-saaras-v3@fusion+xlit+num,QuA_B6IZ6Ls__61_1863,Devanagari,6629,6867,0.17393271986724995,0.1816261879619852,0.17393271986724995,0.007693468094735256,0.021336680263570756,5969,405,255,493,1153,5928,436,265,503,6629,1204,"{'SPEAKER_01': 'Speaker_A', 'SPEAKER_02': 'Speaker_B', 'SPEAKER_03': 'Speaker_C', 'SPEAKER_00': 'Speaker_D'}",5969,405,255,493,6629,1153,136,6374,82,54
sarvam-saaras-v3@fusion+xlit+num,RL2fhIEEbZg__0_65,Telugu,159,161,0.2138364779874214,0.2138364779874214,0.2138364779874214,0.0,0.019736842105263157,134,18,7,9,34,134,18,7,9,159,34,"{'SPEAKER_00': 'Speaker_A', 'SPEAKER_01': 'Speaker_C'}",134,18,7,9,159,34,3,152,2,1
sarvam-saaras-v3@fusion+xlit+num,RL2fhIEEbZg__66_1034,Telugu,2524,2495,0.23573692551505546,0.23454833597464342,0.23573692551505546,-0.0011885895404120383,0.023909395973154363,2040,344,140,111,595,2036,355,133,104,2524,592,"{'SPEAKER_02': 'Speaker_A', 'SPEAKER_00': 'Speaker_B', 'SPEAKER_01': 'Speaker_C'}",2040,344,140,111,2524,595,57,2384,25,32
sarvam-saaras-v3@fusion+xlit+num,RWTmftezCwI__0_60,Malayalam,109,113,0.3577981651376147,0.5596330275229358,0.3577981651376147,0.20183486238532106,0.12380952380952381,78,27,4,8,39,68,25,16,20,109,61,"{'SPEAKER_01': 'Speaker_A', 'SPEAKER_02': 'Speaker_B'}",78,27,4,8,109,39,13,105,10,3
sarvam-saaras-v3@fusion+xlit+num,RZUZyvRzi80__0_336,Gurmukhi,1083,1062,0.1394275161588181,0.1394275161588181,0.1394275161588181,0.0,0.0,955,84,44,23,151,955,84,44,23,1083,151,"{'SPEAKER_00': 'Speaker_A', 'SPEAKER_02': 'Speaker_B', 'SPEAKER_03': 'Speaker_C', 'SPEAKER_01': 'Speaker_D'}",955,84,44,23,1083,151,0,1039,0,0
sarvam-saaras-v3@fusion+xlit+num,SZ7ay4OjfAE__0_897,Telugu,2103,2055,0.4693295292439372,0.5587256300523062,0.4693295292439372,0.08939610080836902,0.1957894736842105,1271,629,203,155,987,1176,631,296,248,2103,1175,"{'SPEAKER_01': 'Speaker_A', 'SPEAKER_00': 'Speaker_B', 'SPEAKER_04': 'Speaker_C', 'SPEAKER_02': 'Speaker_D', 'SPEAKER_03': 'Speaker_E'}",1271,629,203,155,2103,987,372,1900,146,226
sarvam-saaras-v3@fusion+xlit+num,T3I2T-cfhG4__160_210,Devanagari,116,112,0.07758620689655173,0.07758620689655173,0.07758620689655173,0.0,0.0,109,1,6,2,9,109,1,6,2,116,9,"{'SPEAKER_00': 'Speaker_A', 'SPEAKER_01': 'Speaker_B'}",109,1,6,2,116,9,0,110,0,0
sarvam-saaras-v3@fusion+xlit+num,TU3M6wSQV_g__99_171,Telugu,216,207,0.28703703703703703,0.2638888888888889,0.28703703703703703,-0.02314814814814814,0.0,164,33,19,10,62,166,34,16,7,216,57,"{'SPEAKER_00': 'Speaker_A', 'SPEAKER_01': 'Speaker_B'}",164,33,19,10,216,62,0,197,0,0
sarvam-saaras-v3@fusion+xlit+num,Tlha36rSd5o__240_374,Tamil,301,316,0.2558139534883721,0.2558139534883721,0.2558139534883721,0.0,0.0,247,46,8,23,77,247,46,8,23,301,77,"{'SPEAKER_00': 'Speaker_A', 'SPEAKER_01': 'Speaker_B'}",247,46,8,23,301,77,0,293,0,0
sarvam-saaras-v3@fusion+xlit+num,TrPnW5kLAyQ__93_513,Devanagari,1065,1022,0.26291079812206575,0.26103286384976526,0.26291079812206575,-0.0018779342723004855,0.025303643724696356,819,169,77,34,280,819,171,75,32,1065,278,"{'SPEAKER_01': 'Speaker_A', 'SPEAKER_00': 'Speaker_B', 'SPEAKER_03': 'Speaker_C', 'SPEAKER_02': 'Speaker_D'}",819,169,77,34,1065,280,25,988,9,16
sarvam-saaras-v3@fusion+xlit+num,U_EHjxThUgc__181_289,Bengali,293,295,0.17406143344709898,0.22184300341296928,0.17406143344709898,0.047781569965870296,0.05357142857142857,257,23,13,15,51,249,25,19,21,293,65,"{'SPEAKER_01': 'Speaker_A', 'SPEAKER_02': 'Speaker_B', 'SPEAKER_00': 'Speaker_C'}",257,23,13,15,293,51,15,280,13,2
sarvam-saaras-v3@fusion+xlit+num,VHlIFsHPWbk__23_470,Oriya,1295,1265,0.2247104247104247,0.25096525096525096,0.2247104247104247,0.026254826254826252,0.031604538087520256,1035,199,61,31,291,1007,221,67,37,1295,325,"{'SPEAKER_00': 'Speaker_A', 'SPEAKER_03': 'Speaker_B', 'SPEAKER_01': 'Speaker_C', 'SPEAKER_02': 'Speaker_D'}",1035,199,61,31,1295,291,39,1234,28,11
sarvam-saaras-v3@fusion+xlit+num,VKY0uuZ6Om8__575_935,Devanagari,1055,955,0.3080568720379147,0.3033175355450237,0.3080568720379147,-0.004739336492890989,0.06371490280777538,759,167,129,29,325,762,166,127,27,1055,320,"{'SPEAKER_00': 'Speaker_A', 'SPEAKER_02': 'Speaker_B', 'SPEAKER_01': 'Speaker_C'}",759,167,129,29,1055,325,59,926,15,44
sarvam-saaras-v3@fusion+xlit+num,VY_4x1scS-Y__13_121,Tamil,315,306,0.30158730158730157,0.35555555555555557,0.30158730158730157,0.053968253968254,0.07482993197278912,232,62,21,12,95,226,57,32,23,315,112,"{'SPEAKER_01': 'Speaker_A', 'SPEAKER_03': 'Speaker_B', 'SPEAKER_02': 'Speaker_C', 'SPEAKER_00': 'Speaker_D'}",232,62,21,12,315,95,22,294,9,13
sarvam-saaras-v4@reverb-v2,0AEEA8NyVwY__11_609,Devanagari,1303,1221,0.3683806600153492,0.3737528779739064,0.3683806600153492,0.0053722179585571905,0.005818786367414797,841,362,100,18,480,838,361,104,22,1303,487,"{'SPEAKER_01': 'Speaker_A', 'SPEAKER_02': 'Speaker_B', 'SPEAKER_00': 'Speaker_C'}",841,362,100,18,1303,480,7,1203,3,4
sarvam-saaras-v4@reverb-v2,0SoItGfM_sY__7_88,Kannada,165,168,0.1393939393939394,0.48484848484848486,0.1393939393939394,0.34545454545454546,0.19631901840490798,147,16,2,5,23,122,9,34,37,165,80,"{'SPEAKER_02': 'Speaker_B', 'SPEAKER_01': 'Speaker_D', 'SPEAKER_00': 'Speaker_E'}",147,16,2,5,165,23,32,163,25,7
sarvam-saaras-v4@reverb-v2,0VEwL9XZ0LY__261_557,Devanagari,868,823,0.23963133640552994,0.27880184331797236,0.23963133640552994,0.03917050691244242,0.033498759305210915,677,129,62,17,208,655,139,74,29,868,242,"{'SPEAKER_00': 'Speaker_A', 'SPEAKER_01': 'Speaker_B'}",677,129,62,17,868,208,27,806,21,6
sarvam-saaras-v4@reverb-v2,0esIFSOAcFs__0_913,Gujarati,2697,2640,0.1839080459770115,0.20726733407489803,0.1839080459770115,0.023359288097886538,0.017107309486780714,2269,303,125,68,496,2238,302,157,100,2697,559,"{'SPEAKER_02': 'Speaker_A', 'SPEAKER_00': 'Speaker_B', 'SPEAKER_01': 'Speaker_C'}",2269,303,125,68,2697,496,44,2572,33,11
sarvam-saaras-v4@reverb-v2,0p6cktLGIfY__12_930,Gujarati,2532,2487,0.2559241706161137,0.3372827804107425,0.2559241706161137,0.08135860979462878,0.06968063044379925,1960,451,121,76,648,1841,483,208,163,2532,854,"{'SPEAKER_00': 'Speaker_A', 'SPEAKER_01': 'Speaker_B', 'SPEAKER_03': 'Speaker_C', 'SPEAKER_02': 'Speaker_E'}",1960,451,121,76,2532,648,168,2411,138,30
sarvam-saaras-v4@reverb-v2,13VBh0Z6QmE__0_904,Tamil,2396,2342,0.22203672787979967,0.32554257095158595,0.22203672787979967,0.10350584307178629,0.08817110432125709,1915,376,105,51,532,1788,382,226,172,2396,780,"{'SPEAKER_00': 'Speaker_A', 'SPEAKER_03': 'Speaker_B', 'SPEAKER_01': 'Speaker_C', 'SPEAKER_02': 'Speaker_D'}",1915,376,105,51,2396,532,202,2291,133,69
sarvam-saaras-v4@reverb-v2,1LFl5JEipII__0_597,Bengali,1554,1411,0.32625482625482627,0.5508365508365508,0.32625482625482627,0.22458172458172454,0.19281524926686217,1094,270,190,47,507,912,285,357,214,1554,856,"{'SPEAKER_00': 'Speaker_B', 'SPEAKER_01': 'Speaker_C', 'SPEAKER_02': 'Speaker_D', 'SPEAKER_03': 'Speaker_E'}",1094,270,190,47,1554,507,263,1364,186,77
sarvam-saaras-v4@reverb-v2,2HGP34TNvjg__84_194,Oriya,290,280,0.4586206896551724,0.496551724137931,0.4586206896551724,0.03793103448275864,0.08303249097472924,160,117,13,3,133,161,104,25,15,290,144,"{'SPEAKER_00': 'Speaker_A', 'SPEAKER_01': 'Speaker_B'}",160,117,13,3,290,133,23,277,0,23
sarvam-saaras-v4@reverb-v2,2LN6vb7EBn0__98_394,Tamil,727,717,0.328748280605227,0.5020632737276479,0.328748280605227,0.17331499312242094,0.11477761836441894,508,189,30,20,239,447,185,95,85,727,365,"{'SPEAKER_01': 'Speaker_A', 'SPEAKER_00': 'Speaker_B', 'SPEAKER_02': 'Speaker_C'}",508,189,30,20,727,239,80,697,59,21
whisper-large-v3-turbo,0AEEA8NyVwY__11_609,Devanagari,1303,900,0.9056024558710668,0.9109746738296239,0.9056024558710668,0.005372217958557135,0.05802047781569966,144,735,424,21,1180,137,742,424,21,1303,1187,"{'SPEAKER_01': 'Speaker_A', 'SPEAKER_02': 'Speaker_B', 'SPEAKER_00': 'Speaker_C'}",144,735,424,21,1303,1180,51,879,7,44
whisper-large-v3-turbo,0SoItGfM_sY__7_88,Kannada,165,222,1.3454545454545455,1.412121212121212,1.3454545454545455,0.06666666666666665,0.3515151515151515,0,165,0,57,222,0,154,11,68,165,233,"{'SPEAKER_01': 'Speaker_A', 'SPEAKER_02': 'Speaker_B', 'SPEAKER_03': 'Speaker_C', 'SPEAKER_00': 'Speaker_E'}",0,165,0,57,165,222,58,165,0,58
whisper-large-v3-turbo,0VEwL9XZ0LY__261_557,Devanagari,868,705,1.0,1.0,1.0,0.0,0.3347517730496454,0,705,163,0,868,0,705,163,0,868,868,"{'SPEAKER_00': 'Speaker_A', 'SPEAKER_01': 'Speaker_B'}",0,705,163,0,868,868,236,705,0,236
whisper-large-v3-turbo,0esIFSOAcFs__0_913,Gujarati,2697,1570,1.0,1.0,1.0,0.0,0.7210191082802547,0,1570,1127,0,2697,0,1570,1127,0,2697,2697,"{'SPEAKER_00': 'Speaker_A', 'SPEAKER_01': 'Speaker_B', 'SPEAKER_02': 'Speaker_C'}",0,1570,1127,0,2697,2697,1132,1570,0,1132
whisper-large-v3-turbo,0p6cktLGIfY__12_930,Gujarati,2532,2641,1.042654028436019,1.0450236966824644,1.042654028436019,0.0023696682464453556,0.2586887835703002,1,2531,0,109,2640,1,2525,6,115,2532,2646,"{'SPEAKER_04': 'Speaker_A', 'SPEAKER_00': 'Speaker_B', 'SPEAKER_02': 'Speaker_C', 'SPEAKER_03': 'Speaker_E', 'SPEAKER_01': 'Speaker_F'}",1,2531,0,109,2532,2640,655,2532,0,655
whisper-large-v3-turbo,13VBh0Z6QmE__0_904,Tamil,2396,975,0.9791318864774624,0.9791318864774624,0.9791318864774624,0.0,0.5261538461538462,50,925,1421,0,2346,50,925,1421,0,2396,2346,"{'SPEAKER_01': 'Speaker_A', 'SPEAKER_04': 'Speaker_B', 'SPEAKER_02': 'Speaker_C', 'SPEAKER_03': 'Speaker_D'}",50,925,1421,0,2396,2346,513,975,16,497
whisper-large-v3-turbo,1LFl5JEipII__0_597,Bengali,1554,1508,1.0,1.2072072072072073,1.0,0.2072072072072073,0.6611405835543767,0,1508,46,0,1554,0,1186,368,322,1554,1876,"{'SPEAKER_04': 'Speaker_A', 'SPEAKER_03': 'Speaker_B', 'SPEAKER_02': 'Speaker_C', 'SPEAKER_00': 'Speaker_D', 'SPEAKER_01': 'Speaker_E'}",0,1508,46,0,1554,1554,997,1508,0,997
whisper-large-v3-turbo,2HGP34TNvjg__84_194,Oriya,290,190,1.0,1.0,1.0,0.0,0.6894736842105263,0,190,100,0,290,0,190,100,0,290,290,"{'SPEAKER_00': 'Speaker_A', 'SPEAKER_01': 'Speaker_B'}",0,190,100,0,290,290,131,190,0,131
whisper-large-v3-turbo,2LN6vb7EBn0__98_394,Tamil,727,813,1.1182943603851445,1.1182943603851445,1.1182943603851445,0.0,0.47042640990371387,0,727,0,86,813,0,727,0,86,727,813,"{'SPEAKER_01': 'Speaker_A', 'SPEAKER_00': 'Speaker_B', 'SPEAKER_02': 'Speaker_C'}",0,727,0,86,727,813,342,727,0,342
whisper-large-v3-turbo,2T4pjueLrsk__677_1290,Gujarati,2286,1665,1.0,1.006124234470691,1.0,0.006124234470691103,0.3987987987987988,0,1665,621,0,2286,0,1651,635,14,2286,2300,"{'SPEAKER_00': 'Speaker_A', 'SPEAKER_02': 'Speaker_B', 'SPEAKER_01': 'Speaker_C', 'SPEAKER_03': 'Speaker_D'}",0,1665,621,0,2286,2286,664,1665,0,664
whisper-large-v3-turbo,2gGHQgj9yno__0_99,Gujarati,282,280,1.0,1.1028368794326242,1.0,0.1028368794326242,0.33214285714285713,0,280,2,0,282,0,251,31,29,282,311,"{'SPEAKER_00': 'Speaker_A', 'SPEAKER_01': 'Speaker_B'}",0,280,2,0,282,282,93,280,0,93
whisper-large-v3-turbo,2iMXYxBTwbM__339_401,Devanagari,187,178,1.0,1.0,1.0,0.0,0.5561797752808989,0,178,9,0,187,0,178,9,0,187,187,"{'SPEAKER_01': 'Speaker_A', 'SPEAKER_00': 'Speaker_C'}",0,178,9,0,187,187,99,178,0,99
whisper-large-v3-turbo,37dND_0r6S8__60_222,Tamil,520,434,1.0,1.0,1.0,0.0,0.41935483870967744,0,434,86,0,520,0,434,86,0,520,520,"{'SPEAKER_00': 'Speaker_A', 'SPEAKER_01': 'Speaker_B'}",0,434,86,0,520,520,182,434,0,182
whisper-large-v3-turbo,4Qg2jWP6_T0__136_202,Gurmukhi,266,166,1.0,1.0601503759398496,1.0,0.06015037593984962,0.6626506024096386,0,166,100,0,266,0,150,116,16,266,282,"{'SPEAKER_01': 'Speaker_A', 'SPEAKER_00': 'Speaker_C'}",0,166,100,0,266,266,110,166,0,110
whisper-large-v3-turbo,6-726qTlYeg__102_162,Malayalam,200,197,1.0,1.14,1.0,0.1399999999999999,0.4873096446700508,0,197,3,0,200,0,169,31,28,200,228,"{'SPEAKER_00': 'Speaker_A', 'SPEAKER_01': 'Speaker_B'}",0,197,3,0,200,200,96,197,0,96
whisper-large-v3-turbo,6ZeRgvDHwcI__6_100,Gujarati,189,177,1.0,1.0,1.0,0.0,0.327683615819209,0,177,12,0,189,0,177,12,0,189,189,"{'SPEAKER_00': 'Speaker_A', 'SPEAKER_01': 'Speaker_B'}",0,177,12,0,189,189,58,177,0,58
whisper-large-v3-turbo,6f6TLzlP8Wk__82_144,Gurmukhi,236,171,1.0,1.0,1.0,0.0,0.5847953216374269,0,171,65,0,236,0,171,65,0,236,236,"{'SPEAKER_00': 'Speaker_A', 'SPEAKER_01': 'Speaker_B'}",0,171,65,0,236,236,100,171,0,100
whisper-large-v3-turbo,7L4gi7Ncc0s__90_148,Malayalam,120,49,0.9916666666666667,0.9916666666666667,0.9916666666666667,0.0,0.22448979591836735,1,48,71,0,119,1,48,71,0,120,119,"{'SPEAKER_01': 'Speaker_A', 'SPEAKER_00': 'Speaker_B'}",1,48,71,0,120,119,11,49,0,11
whisper-large-v3-turbo,7WhVNRHbjIY__91_1089,Tamil,2491,2955,1.18627057406664,1.18627057406664,1.18627057406664,0.0,0.6852669610598153,0,2491,0,464,2955,0,2491,0,464,2491,2955,"{'SPEAKER_00': 'Speaker_A', 'SPEAKER_02': 'Speaker_B', 'SPEAKER_01': 'Speaker_C', 'SPEAKER_03': 'Speaker_D', 'SPEAKER_04': 'Speaker_E'}",0,2491,0,464,2491,2955,1707,2491,0,1707
whisper-large-v3-turbo,7YfsQPYY-W0__351_411,Oriya,197,157,1.0,1.0,1.0,0.0,0.5859872611464968,0,157,40,0,197,0,157,40,0,197,197,"{'SPEAKER_00': 'Speaker_A', 'SPEAKER_01': 'Speaker_B'}",0,157,40,0,197,197,92,157,0,92
whisper-large-v3-turbo,7c9ePKgqams__299_869,Telugu,1530,414,1.0,1.0,1.0,0.0,0.7463768115942029,0,414,1116,0,1530,0,414,1116,0,1530,1530,"{'SPEAKER_00': 'Speaker_B', 'SPEAKER_01': 'Speaker_C', 'SPEAKER_02': 'Speaker_D'}",0,414,1116,0,1530,1530,309,414,0,309
whisper-large-v3-turbo,7k-xDqNjESc__73_981,Malayalam,2159,1988,1.0,1.0208429828624364,1.0,0.020842982862436354,0.3853118712273642,0,1988,171,0,2159,0,1943,216,45,2159,2204,"{'SPEAKER_00': 'Speaker_B', 'SPEAKER_01': 'Speaker_C', 'SPEAKER_02': 'Speaker_D'}",0,1988,171,0,2159,2159,766,1988,0,766
whisper-large-v3-turbo,83gP2vLH7UY__255_2005,Devanagari,5799,276,1.0,1.0,1.0,0.0,0.8623188405797102,0,276,5523,0,5799,0,276,5523,0,5799,5799,"{'SPEAKER_00': 'Speaker_A', 'SPEAKER_01': 'Speaker_B', 'SPEAKER_02': 'Speaker_C', 'SPEAKER_03': 'Speaker_D', 'SPEAKER_04': 'Speaker_E'}",0,276,5523,0,5799,5799,238,276,0,238
whisper-large-v3-turbo,86mMTUeDiR8__181_1079,Bengali,2267,1734,1.0,1.0,1.0,0.0,0.5980392156862745,0,1734,533,0,2267,0,1734,533,0,2267,2267,"{'SPEAKER_03': 'Speaker_A', 'SPEAKER_02': 'Speaker_B', 'SPEAKER_00': 'Speaker_C', 'SPEAKER_04': 'Speaker_D', 'SPEAKER_01': 'Speaker_E'}",0,1734,533,0,2267,2267,1037,1734,0,1037
whisper-large-v3-turbo,87Zbup3ohcw__106_445,Tamil,741,420,1.0,1.0,1.0,0.0,0.3880952380952381,0,420,321,0,741,0,420,321,0,741,741,"{'SPEAKER_01': 'Speaker_A', 'SPEAKER_02': 'Speaker_B', 'SPEAKER_03': 'Speaker_C', 'SPEAKER_00': 'Speaker_D'}",0,420,321,0,741,741,163,420,0,163
whisper-large-v3-turbo,8Ve4SWhlrrA__0_70,Oriya,133,81,1.0,1.0,1.0,0.0,0.0,0,81,52,0,133,0,81,52,0,133,133,{'SPEAKER_00': 'Speaker_A'},0,81,52,0,133,133,0,81,0,0
whisper-large-v3-turbo,8mvORuRHw2U__0_1197,Gujarati,3425,3048,1.0,1.0,1.0,0.0,0.8018372703412073,0,3048,377,0,3425,0,3048,377,0,3425,3425,"{'SPEAKER_02': 'Speaker_A', 'SPEAKER_01': 'Speaker_B', 'SPEAKER_00': 'Speaker_C', 'SPEAKER_03': 'Speaker_D'}",0,3048,377,0,3425,3425,2444,3048,0,2444
whisper-large-v3-turbo,8o7jKmq6HsM__30_1770,Devanagari,4454,4621,1.0374943870678042,1.056353839245622,1.0374943870678042,0.018859452177817815,0.46340368208352045,0,4454,0,167,4621,0,4370,84,251,4454,4705,"{'SPEAKER_04': 'Speaker_A', 'SPEAKER_02': 'Speaker_B', 'SPEAKER_01': 'Speaker_C', 'SPEAKER_00': 'Speaker_D', 'SPEAKER_03': 'Speaker_E', 'SPEAKER_05': 'Speaker_F'}",0,4454,0,167,4454,4621,2064,4454,0,2064
whisper-large-v3-turbo,8pkp-lpMJP0__326_926,Telugu,1482,1534,1.0350877192982457,1.114709851551957,1.0350877192982457,0.07962213225371118,0.5458839406207827,0,1482,0,52,1534,0,1364,118,170,1482,1652,"{'SPEAKER_03': 'Speaker_A', 'SPEAKER_02': 'Speaker_B', 'SPEAKER_04': 'Speaker_D', 'SPEAKER_06': 'Speaker_E', 'SPEAKER_00': 'Speaker_F', 'SPEAKER_01': 'Speaker_G', 'SPEAKER_05': 'Speaker_H'}",0,1482,0,52,1482,1534,809,1482,0,809
whisper-large-v3-turbo,8r2Nltl0W4o__259_320,Gurmukhi,253,156,1.0,1.0,1.0,0.0,0.20512820512820512,0,156,97,0,253,0,156,97,0,253,253,"{'SPEAKER_01': 'Speaker_A', 'SPEAKER_00': 'Speaker_B'}",0,156,97,0,253,253,32,156,0,32
whisper-large-v3-turbo,90uAd6xpTPo__16_408,Devanagari,1212,902,1.0,1.0,1.0,0.0,0.8237250554323725,0,902,310,0,1212,0,902,310,0,1212,1212,"{'SPEAKER_00': 'Speaker_A', 'SPEAKER_01': 'Speaker_B', 'SPEAKER_02': 'Speaker_C', 'SPEAKER_03': 'Speaker_D'}",0,902,310,0,1212,1212,743,902,0,743
whisper-large-v3-turbo,9Aw8kg8w5Xo__0_83,Telugu,199,224,1.1256281407035176,1.1306532663316582,1.1256281407035176,0.005025125628140614,0.09547738693467336,0,199,0,25,224,0,198,1,26,199,225,"{'SPEAKER_00': 'Speaker_A', 'SPEAKER_02': 'Speaker_C', 'SPEAKER_01': 'Speaker_D'}",0,199,0,25,199,224,19,199,0,19
whisper-large-v3-turbo,9_GMxc_JjyI__236_368,Kannada,361,338,0.997229916897507,1.03601108033241,0.997229916897507,0.03878116343490312,0.16863905325443787,1,337,23,0,360,1,323,37,14,361,374,"{'SPEAKER_01': 'Speaker_A', 'SPEAKER_00': 'Speaker_B'}",1,337,23,0,361,360,57,338,0,57
whisper-large-v3-turbo,ARCKJrGkITw__14_496,Telugu,1375,1098,1.0,0.9992727272727273,1.0,-0.0007272727272726875,0.7395264116575592,0,1098,277,0,1375,1,1097,277,0,1375,1374,"{'SPEAKER_00': 'Speaker_A', 'SPEAKER_01': 'Speaker_B', 'SPEAKER_02': 'Speaker_C'}",0,1098,277,0,1375,1375,812,1098,0,812
whisper-large-v3-turbo,ARZl7LT0UC0__73_130,Telugu,150,170,1.1333333333333333,1.3,1.1333333333333333,0.16666666666666674,0.49333333333333335,0,150,0,20,170,0,125,25,45,150,195,"{'SPEAKER_01': 'Speaker_A', 'SPEAKER_02': 'Speaker_B', 'SPEAKER_00': 'Speaker_C'}",0,150,0,20,150,170,74,150,0,74
whisper-large-v3-turbo,A_dohDOK6Ic__0_600,Devanagari,1829,1599,0.4324767632586113,0.4330235101148168,0.4324767632586113,0.0005467468562055378,0.005044136191677175,1051,535,243,13,791,1050,536,243,13,1829,792,"{'SPEAKER_02': 'Speaker_A', 'SPEAKER_00': 'Speaker_B', 'SPEAKER_01': 'Speaker_C'}",1051,535,243,13,1829,791,8,1586,2,6
whisper-large-v3-turbo,B2ScTgeIIck__117_180,Oriya,174,156,1.0,1.0,1.0,0.0,0.3782051282051282,0,156,18,0,174,0,156,18,0,174,174,"{'SPEAKER_00': 'Speaker_A', 'SPEAKER_01': 'Speaker_B'}",0,156,18,0,174,174,59,156,0,59
whisper-large-v3-turbo,BGAAfht5dYw__0_612,Gujarati,2067,1836,1.0,1.0,1.0,0.0,0.545751633986928,0,1836,231,0,2067,0,1836,231,0,2067,2067,"{'SPEAKER_01': 'Speaker_A', 'SPEAKER_00': 'Speaker_B', 'SPEAKER_03': 'Speaker_C', 'SPEAKER_02': 'Speaker_D'}",0,1836,231,0,2067,2067,1002,1836,0,1002
whisper-large-v3-turbo,BYLcUGNB_zM__20_1387,Kannada,3270,1395,0.9990825688073395,0.9996941896024465,0.9990825688073395,0.0006116207951070152,0.8236559139784946,3,1392,1875,0,3267,1,1394,1875,0,3270,3269,"{'SPEAKER_02': 'Speaker_A', 'SPEAKER_00': 'Speaker_B', 'SPEAKER_01': 'Speaker_C', 'SPEAKER_03': 'Speaker_D'}",3,1392,1875,0,3270,3267,1149,1395,2,1147
whisper-large-v3-turbo,Bngfppo1QtA__28_927,Telugu,2344,2224,1.0,1.0110921501706485,1.0,0.011092150170648463,0.6070143884892086,0,2224,120,0,2344,0,2198,146,26,2344,2370,"{'SPEAKER_00': 'Speaker_A', 'SPEAKER_04': 'Speaker_B', 'SPEAKER_02': 'Speaker_C', 'SPEAKER_03': 'Speaker_D', 'SPEAKER_01': 'Speaker_E'}",0,2224,120,0,2344,2344,1350,2224,0,1350
whisper-large-v3-turbo,CO_8ppdzq9U__0_695,Tamil,1592,1527,1.0,1.0238693467336684,1.0,0.023869346733668362,0.6208251473477406,0,1527,65,0,1592,0,1489,103,38,1592,1630,"{'SPEAKER_03': 'Speaker_A', 'SPEAKER_01': 'Speaker_B', 'SPEAKER_00': 'Speaker_C', 'SPEAKER_02': 'Speaker_D'}",0,1527,65,0,1592,1592,948,1527,0,948
whisper-large-v3-turbo,Cku_X_SL7qU__60_660,Gujarati,1774,1540,1.0,1.0,1.0,0.0,0.6123376623376623,0,1540,234,0,1774,0,1540,234,0,1774,1774,"{'SPEAKER_00': 'Speaker_A', 'SPEAKER_01': 'Speaker_B', 'SPEAKER_02': 'Speaker_C'}",0,1540,234,0,1774,1774,943,1540,0,943
whisper-large-v3-turbo,DPmew0didIM__191_512,Telugu,748,1009,1.3489304812834224,1.3502673796791445,1.3489304812834224,0.0013368983957220415,0.5868983957219251,0,748,0,261,1009,0,747,1,262,748,1010,"{'SPEAKER_04': 'Speaker_A', 'SPEAKER_02': 'Speaker_B', 'SPEAKER_00': 'Speaker_C', 'SPEAKER_03': 'Speaker_D', 'SPEAKER_01': 'Speaker_E'}",0,748,0,261,748,1009,439,748,0,439
whisper-large-v3-turbo,EmsKkNN2Me4__35_95,Malayalam,166,132,1.0,1.0,1.0,0.0,0.5151515151515151,0,132,34,0,166,0,132,34,0,166,166,"{'SPEAKER_00': 'Speaker_A', 'SPEAKER_01': 'Speaker_B'}",0,132,34,0,166,166,68,132,0,68
whisper-large-v3-turbo,ExGJodnzocM__212_527,Devanagari,1161,922,1.0,1.0086132644272179,1.0,0.008613264427217882,0.8221258134490239,0,922,239,0,1161,0,912,249,10,1161,1171,"{'SPEAKER_00': 'Speaker_A', 'SPEAKER_01': 'Speaker_B', 'SPEAKER_02': 'Speaker_C', 'SPEAKER_03': 'Speaker_D'}",0,922,239,0,1161,1161,758,922,0,758
whisper-large-v3-turbo,F2uXav-wriA__0_907,Devanagari,2765,2194,0.9334538878842676,0.9338155515370705,0.9334538878842676,0.0003616636528028794,0.4141552511415525,188,2002,575,4,2581,187,2003,575,4,2765,2582,"{'SPEAKER_01': 'Speaker_A', 'SPEAKER_02': 'Speaker_B', 'SPEAKER_00': 'Speaker_C', 'SPEAKER_03': 'Speaker_D'}",188,2002,575,4,2765,2581,907,2190,2,905
whisper-large-v3-turbo,FDMf9ApmoNU__16_686,Bengali,1622,551,1.0,1.0,1.0,0.0,0.41197822141560797,0,551,1071,0,1622,0,551,1071,0,1622,1622,"{'SPEAKER_03': 'Speaker_A', 'SPEAKER_01': 'Speaker_B', 'SPEAKER_02': 'Speaker_C', 'SPEAKER_00': 'Speaker_D'}",0,551,1071,0,1622,1622,227,551,0,227
whisper-large-v3-turbo,G6qzg93FxwE__21_116,Gujarati,267,58,0.9438202247191011,0.947565543071161,0.9438202247191011,0.0037453183520599342,0.39285714285714285,17,39,211,2,252,16,40,211,2,267,253,"{'SPEAKER_00': 'Speaker_A', 'SPEAKER_01': 'Speaker_B'}",17,39,211,2,267,252,22,56,2,20
whisper-large-v3-turbo,GEc_sS2KWo8__96_290,Gujarati,517,447,1.0,1.056092843326886,1.0,0.05609284332688591,0.18120805369127516,0,447,70,0,517,0,418,99,29,517,546,"{'SPEAKER_01': 'Speaker_A', 'SPEAKER_00': 'Speaker_B', 'SPEAKER_02': 'Speaker_C'}",0,447,70,0,517,517,81,447,0,81
whisper-large-v3-turbo,GfFLEIAAumk__90_163,Bengali,204,83,1.0,1.0,1.0,0.0,0.7831325301204819,0,83,121,0,204,0,83,121,0,204,204,"{'SPEAKER_00': 'Speaker_A', 'SPEAKER_01': 'Speaker_B'}",0,83,121,0,204,204,65,83,0,65
whisper-large-v3-turbo,Gq45evw6ytY__597_1464,Oriya,2688,2393,1.0,1.0,1.0,0.0,0.5758462181362307,0,2393,295,0,2688,0,2393,295,0,2688,2688,"{'SPEAKER_00': 'Speaker_A', 'SPEAKER_01': 'Speaker_B', 'SPEAKER_02': 'Speaker_C'}",0,2393,295,0,2688,2688,1378,2393,0,1378
whisper-large-v3-turbo,HZv_WvIr6lE__21_105,Tamil,252,106,1.0,1.0,1.0,0.0,0.7169811320754716,0,106,146,0,252,0,106,146,0,252,252,"{'SPEAKER_00': 'Speaker_A', 'SPEAKER_01': 'Speaker_B', 'SPEAKER_02': 'Speaker_C'}",0,106,146,0,252,252,76,106,0,76
whisper-large-v3-turbo,HpYG46tGyYs__103_998,Devanagari,2564,2182,0.4746489859594384,0.47581903276131043,0.4746489859594384,0.001170046801872049,0.026477541371158392,1414,701,449,67,1217,1415,696,453,71,2564,1220,"{'SPEAKER_01': 'Speaker_A', 'SPEAKER_00': 'Speaker_B', 'SPEAKER_02': 'Speaker_C', 'SPEAKER_03': 'Speaker_D'}",1414,701,449,67,2564,1217,56,2115,1,55
whisper-large-v3-turbo,IAm1rt-MYcA__4_558,Bengali,1620,1416,1.0,1.0,1.0,0.0,0.4117231638418079,0,1416,204,0,1620,0,1416,204,0,1620,1620,"{'SPEAKER_03': 'Speaker_A', 'SPEAKER_02': 'Speaker_B', 'SPEAKER_00': 'Speaker_C', 'SPEAKER_01': 'Speaker_D'}",0,1416,204,0,1620,1620,583,1416,0,583
whisper-large-v3-turbo,Iare1Emeueg__16_69,Devanagari,139,141,1.014388489208633,1.014388489208633,1.014388489208633,0.0,0.09352517985611511,0,139,0,2,141,1,137,1,3,139,141,"{'SPEAKER_00': 'Speaker_A', 'SPEAKER_01': 'Speaker_B'}",0,139,0,2,139,141,13,139,0,13
whisper-large-v3-turbo,IfTL8SSN270__62_671,Devanagari,2214,1502,0.521680216802168,0.5298102981029811,0.521680216802168,0.008130081300813052,0.03569023569023569,1076,409,729,17,1155,1061,421,732,20,2214,1173,"{'SPEAKER_00': 'Speaker_A', 'SPEAKER_02': 'Speaker_B', 'SPEAKER_03': 'Speaker_C', 'SPEAKER_01': 'Speaker_D'}",1076,409,729,17,2214,1155,53,1485,17,36
whisper-large-v3-turbo,Ig6szCD8m20__46_106,Devanagari,184,172,1.0,1.0108695652173914,1.0,0.010869565217391353,0.29069767441860467,0,172,12,0,184,0,170,14,2,184,186,"{'SPEAKER_01': 'Speaker_A', 'SPEAKER_00': 'Speaker_B'}",0,172,12,0,184,184,50,172,0,50
whisper-large-v3-turbo,Iqhnt8ENm3U__27_88,Devanagari,177,109,1.0,1.0,1.0,0.0,0.7522935779816514,0,109,68,0,177,0,109,68,0,177,177,"{'SPEAKER_00': 'Speaker_A', 'spk3': 'Speaker_B', 'SPEAKER_01': 'Speaker_C'}",0,109,68,0,177,177,82,109,0,82
whisper-large-v3-turbo,J4-VpEkBzWw__0_600,Kannada,1543,1285,0.9993519118600129,0.9993519118600129,0.9993519118600129,0.0,0.9003891050583658,1,1284,258,0,1542,1,1284,258,0,1543,1542,"{'SPEAKER_01': 'Speaker_A', 'SPEAKER_02': 'Speaker_B', 'SPEAKER_06': 'Speaker_C', 'SPEAKER_00': 'Speaker_D', 'SPEAKER_05': 'Speaker_E', 'SPEAKER_04': 'Speaker_F', 'SPEAKER_03': 'Speaker_G'}",1,1284,258,0,1543,1542,1157,1285,0,1157
whisper-large-v3-turbo,JBYGLQJwFDc__103_407,Tamil,658,772,1.1732522796352585,1.1838905775075987,1.1732522796352585,0.010638297872340274,0.40425531914893614,0,658,0,114,772,0,651,7,121,658,779,"{'SPEAKER_02': 'Speaker_A', 'SPEAKER_00': 'Speaker_B'}",0,658,0,114,658,772,266,658,0,266
whisper-large-v3-turbo,JSB1CeS4pP8__0_632,Gurmukhi,2086,1396,1.0,1.0,1.0,0.0,0.7328080229226361,0,1396,690,0,2086,0,1396,690,0,2086,2086,"{'SPEAKER_00': 'Speaker_A', 'SPEAKER_02': 'Speaker_B', 'SPEAKER_03': 'Speaker_C', 'SPEAKER_01': 'Speaker_D'}",0,1396,690,0,2086,2086,1023,1396,0,1023
whisper-large-v3-turbo,Jc5AVwg2cZM__153_214,Devanagari,164,95,1.0,1.0,1.0,0.0,0.5684210526315789,0,95,69,0,164,0,95,69,0,164,164,"{'SPEAKER_01': 'Speaker_A', 'SPEAKER_02': 'Speaker_B', 'SPEAKER_00': 'Speaker_C'}",0,95,69,0,164,164,54,95,0,54
whisper-large-v3-turbo,KAtdcDieQMw__57_599,Oriya,1717,941,1.0,1.0,1.0,0.0,0.6269925611052072,0,941,776,0,1717,0,941,776,0,1717,1717,"{'SPEAKER_00': 'Speaker_A', 'SPEAKER_01': 'Speaker_B', 'SPEAKER_02': 'Speaker_C'}",0,941,776,0,1717,1717,590,941,0,590
whisper-large-v3-turbo,KPkRi3GM7fs__47_642,Oriya,1733,1408,1.0,1.0,1.0,0.0,0.8231534090909091,0,1408,325,0,1733,0,1408,325,0,1733,1733,"{'SPEAKER_02': 'Speaker_A', 'SPEAKER_00': 'Speaker_B', 'SPEAKER_01': 'Speaker_C'}",0,1408,325,0,1733,1733,1159,1408,0,1159
whisper-large-v3-turbo,Kdi-ECuOaKg__2_78,Malayalam,89,272,3.056179775280899,3.202247191011236,3.056179775280899,0.1460674157303372,0.797752808988764,0,89,0,183,272,0,76,13,196,89,285,"{'spk5': 'Speaker_A', 'SPEAKER_03': 'Speaker_B', 'SPEAKER_00': 'Speaker_D', 'SPEAKER_02': 'Speaker_E', 'SPEAKER_01': 'Speaker_F'}",0,89,0,183,89,272,71,89,0,71
whisper-large-v3-turbo,L7xRazDdtgw__19_83,Gujarati,101,94,1.0,1.2772277227722773,1.0,0.27722772277227725,0.425531914893617,0,94,7,0,101,0,66,35,28,101,129,"{'SPEAKER_00': 'Speaker_A', 'SPEAKER_01': 'Speaker_B'}",0,94,7,0,101,101,40,94,0,40
whisper-large-v3-turbo,LBIWBxQ5H1s__90_1020,Malayalam,2313,2412,1.0428015564202335,1.0428015564202335,1.0428015564202335,0.0,0.5248594898400346,0,2313,0,99,2412,0,2313,0,99,2313,2412,"{'SPEAKER_01': 'Speaker_A', 'SPEAKER_03': 'Speaker_B', 'SPEAKER_02': 'Speaker_C', 'SPEAKER_00': 'Speaker_D'}",0,2313,0,99,2313,2412,1214,2313,0,1214
whisper-large-v3-turbo,LK23jX9tgZM__59_221,Gujarati,548,379,1.0,1.0164233576642336,1.0,0.01642335766423364,0.662269129287599,0,379,169,0,548,0,370,178,9,548,557,"{'SPEAKER_00': 'Speaker_A', 'SPEAKER_02': 'Speaker_B', 'SPEAKER_01': 'Speaker_C'}",0,379,169,0,548,548,251,379,0,251
whisper-large-v3-turbo,LctYmmr9-Vg__0_61,Devanagari,133,175,1.3157894736842106,1.3157894736842106,1.3157894736842106,0.0,0.6090225563909775,0,133,0,42,175,0,133,0,42,133,175,"{'SPEAKER_00': 'Speaker_A', 'SPEAKER_01': 'Speaker_B'}",0,133,0,42,133,175,81,133,0,81
whisper-large-v3-turbo,LqQHdo7t5Ps__198_498,Devanagari,677,470,0.9113737075332349,0.9217134416543574,0.9113737075332349,0.010339734121122546,0.1721132897603486,71,388,218,11,617,62,399,216,9,677,624,"{'SPEAKER_01': 'Speaker_A', 'SPEAKER_02': 'Speaker_B', 'SPEAKER_00': 'Speaker_C'}",71,388,218,11,677,617,79,459,3,76
whisper-large-v3-turbo,Md3p6RTanBg__315_426,Bengali,284,290,1.0211267605633803,1.0809859154929577,1.0211267605633803,0.059859154929577496,0.5422535211267606,0,284,0,6,290,0,267,17,23,284,307,"{'SPEAKER_01': 'Speaker_A', 'SPEAKER_00': 'Speaker_B', 'SPEAKER_02': 'Speaker_C'}",0,284,0,6,284,290,154,284,0,154
whisper-large-v3-turbo,MmtWBUK2DKE__0_310,Devanagari,1083,605,0.6241920590951062,0.631578947368421,0.6241920590951062,0.007386888273314796,0.03523489932885906,416,180,487,9,676,410,184,489,11,1083,684,"{'SPEAKER_00': 'Speaker_A', 'SPEAKER_01': 'Speaker_B', 'SPEAKER_02': 'Speaker_D', 'SPEAKER_03': 'Speaker_E'}",416,180,487,9,1083,676,21,596,10,11
whisper-large-v3-turbo,NLgHpYyf5bY__313_383,Devanagari,240,145,1.0,1.0,1.0,0.0,0.35172413793103446,0,145,95,0,240,0,145,95,0,240,240,"{'SPEAKER_00': 'Speaker_A', 'SPEAKER_01': 'Speaker_B'}",0,145,95,0,240,240,51,145,0,51
whisper-large-v3-turbo,NuhdqCEuIBo__197_540,Gurmukhi,1369,1084,1.0,1.0,1.0,0.0,0.38837638376383765,0,1084,285,0,1369,0,1084,285,0,1369,1369,"{'SPEAKER_01': 'Speaker_A', 'SPEAKER_02': 'Speaker_B', 'SPEAKER_00': 'Speaker_C'}",0,1084,285,0,1369,1369,421,1084,0,421
whisper-large-v3-turbo,O4_aeGFzZ8A__0_335,Kannada,675,493,1.0,1.0,1.0,0.0,0.39148073022312374,0,493,182,0,675,0,493,182,0,675,675,"{'SPEAKER_01': 'Speaker_A', 'SPEAKER_07': 'Speaker_B', 'SPEAKER_02': 'Speaker_C', 'SPEAKER_03': 'Speaker_D', 'SPEAKER_05': 'Speaker_E', 'SPEAKER_04': 'Speaker_F', 'SPEAKER_06': 'Speaker_G', 'SPEAKER_00': 'Speaker_H'}",0,493,182,0,675,675,193,493,0,193
whisper-large-v3-turbo,OXUt5KnlUMo__91_181,Oriya,242,188,1.0,1.0,1.0,0.0,0.22340425531914893,0,188,54,0,242,0,188,54,0,242,242,"{'SPEAKER_01': 'Speaker_A', 'SPEAKER_00': 'Speaker_B'}",0,188,54,0,242,242,42,188,0,42
whisper-large-v3-turbo,OxYCBQKZ3iY__0_1822,Gurmukhi,5524,2491,1.0,1.0,1.0,0.0,0.9004415897230028,0,2491,3033,0,5524,0,2491,3033,0,5524,5524,"{'SPEAKER_00': 'Speaker_A', 'SPEAKER_01': 'Speaker_B', 'SPEAKER_02': 'Speaker_C', 'SPEAKER_03': 'Speaker_D', 'SPEAKER_04': 'Speaker_E', 'SPEAKER_05': 'Speaker_F', 'SPEAKER_06': 'Speaker_G'}",0,2491,3033,0,5524,5524,2243,2491,0,2243
whisper-large-v3-turbo,PCUA2q2C-2A__45_107,Devanagari,148,138,1.0,1.0405405405405406,1.0,0.04054054054054057,0.057971014492753624,0,138,10,0,148,0,132,16,6,148,154,"{'SPEAKER_01': 'Speaker_A', 'SPEAKER_02': 'Speaker_B', 'SPEAKER_00': 'Speaker_C'}",0,138,10,0,148,148,8,138,0,8
whisper-large-v3-turbo,PEDfT9-Yf2o__0_469,Bengali,1014,275,1.0,1.0,1.0,0.0,0.6654545454545454,0,275,739,0,1014,0,275,739,0,1014,1014,"{'SPEAKER_00': 'Speaker_A', 'SPEAKER_01': 'Speaker_B', 'SPEAKER_02': 'Speaker_C'}",0,275,739,0,1014,1014,183,275,0,183
whisper-large-v3-turbo,PQB3-4sZUeY__0_1132,Telugu,3018,2700,1.0,1.0,1.0,0.0,0.6533333333333333,0,2700,318,0,3018,0,2700,318,0,3018,3018,"{'SPEAKER_03': 'Speaker_A', 'SPEAKER_00': 'Speaker_B', 'SPEAKER_01': 'Speaker_C', 'SPEAKER_02': 'Speaker_D'}",0,2700,318,0,3018,3018,1764,2700,0,1764
whisper-large-v3-turbo,PRAzUz0GANs__223_283,Kannada,190,165,1.0,1.0,1.0,0.0,0.46060606060606063,0,165,25,0,190,0,165,25,0,190,190,"{'SPEAKER_00': 'Speaker_A', 'SPEAKER_01': 'Speaker_B'}",0,165,25,0,190,190,76,165,0,76
whisper-large-v3-turbo,PSIzXy5-y2E__2_918,Devanagari,2395,1184,1.0,1.0,1.0,0.0,0.71875,0,1184,1211,0,2395,0,1184,1211,0,2395,2395,"{'SPEAKER_00': 'Speaker_A', 'SPEAKER_01': 'Speaker_B', 'SPEAKER_02': 'Speaker_C'}",0,1184,1211,0,2395,2395,851,1184,0,851
whisper-large-v3-turbo,PVDfS7lcJHY__0_360,Kannada,1024,830,1.0,1.0302734375,1.0,0.0302734375,0.6771084337349398,0,830,194,0,1024,0,799,225,31,1024,1055,"{'SPEAKER_00': 'Speaker_A', 'SPEAKER_03': 'Speaker_B', 'SPEAKER_02': 'Speaker_C', 'SPEAKER_04': 'Speaker_D', 'SPEAKER_01': 'Speaker_E', 'SPEAKER_05': 'Speaker_F'}",0,830,194,0,1024,1024,562,830,0,562
whisper-large-v3-turbo,Pjre5dpnKGA__0_330,Kannada,747,704,1.0,1.0508701472556894,1.0,0.05087014725568939,0.4247159090909091,0,704,43,0,747,1,664,82,39,747,785,"{'SPEAKER_00': 'Speaker_A', 'SPEAKER_02': 'Speaker_B', 'SPEAKER_01': 'Speaker_D'}",0,704,43,0,747,747,299,704,0,299
whisper-large-v3-turbo,QhpjuNTZoA8__0_586,Kannada,1534,1682,1.0958279009126466,1.361799217731421,1.0958279009126466,0.2659713168187745,0.36114732724902215,1,1533,0,148,1681,1,1125,408,556,1534,2089,"{'SPEAKER_01': 'Speaker_B', 'SPEAKER_00': 'Speaker_C'}",1,1533,0,148,1534,1681,554,1534,0,554
whisper-large-v3-turbo,QuA_B6IZ6Ls__61_1863,Devanagari,6629,4998,1.0,1.0,1.0,0.0,0.8163265306122449,0,4998,1631,0,6629,0,4998,1631,0,6629,6629,"{'SPEAKER_00': 'Speaker_A', 'SPEAKER_01': 'Speaker_B', 'SPEAKER_02': 'Speaker_C', 'SPEAKER_03': 'Speaker_D'}",0,4998,1631,0,6629,6629,4080,4998,0,4080
whisper-large-v3-turbo,RL2fhIEEbZg__0_65,Telugu,159,182,1.1446540880503144,1.1572327044025157,1.1446540880503144,0.012578616352201255,0.22641509433962265,0,159,0,23,182,0,157,2,25,159,184,"{'SPEAKER_00': 'Speaker_A', 'SPEAKER_01': 'Speaker_C'}",0,159,0,23,159,182,36,159,0,36
whisper-large-v3-turbo,RL2fhIEEbZg__66_1034,Telugu,2524,2335,1.0,1.0,1.0,0.0,0.5738758029978587,0,2335,189,0,2524,0,2335,189,0,2524,2524,"{'SPEAKER_02': 'Speaker_A', 'SPEAKER_00': 'Speaker_B', 'SPEAKER_01': 'Speaker_C'}",0,2335,189,0,2524,2524,1340,2335,0,1340
whisper-large-v3-turbo,RWTmftezCwI__0_60,Malayalam,109,130,1.1926605504587156,1.2660550458715596,1.1926605504587156,0.07339449541284404,0.3302752293577982,0,109,0,21,130,0,101,8,29,109,138,"{'SPEAKER_01': 'Speaker_A', 'SPEAKER_02': 'Speaker_B'}",0,109,0,21,109,130,36,109,0,36
whisper-large-v3-turbo,RZUZyvRzi80__0_336,Gurmukhi,1083,559,1.0,1.0,1.0,0.0,0.40250447227191416,0,559,524,0,1083,0,559,524,0,1083,1083,"{'SPEAKER_00': 'Speaker_A', 'SPEAKER_01': 'Speaker_B', 'SPEAKER_02': 'Speaker_C', 'SPEAKER_03': 'Speaker_D'}",0,559,524,0,1083,1083,225,559,0,225
whisper-large-v3-turbo,SZ7ay4OjfAE__0_897,Telugu,2103,2355,1.1198288159771754,1.1973371374227295,1.1198288159771754,0.07750832144555408,0.8254873989538755,0,2103,0,252,2355,0,1940,163,415,2103,2518,"{'SPEAKER_00': 'Speaker_A', 'SPEAKER_01': 'Speaker_B', 'SPEAKER_03': 'Speaker_C', 'SPEAKER_02': 'Speaker_D', 'SPEAKER_04': 'Speaker_E'}",0,2103,0,252,2103,2355,1736,2103,0,1736
whisper-large-v3-turbo,T3I2T-cfhG4__160_210,Devanagari,116,4,1.0,1.0,1.0,0.0,0.5,0,4,112,0,116,0,4,112,0,116,116,"{'SPEAKER_00': 'Speaker_A', 'SPEAKER_01': 'Speaker_B'}",0,4,112,0,116,116,2,4,0,2
whisper-large-v3-turbo,TU3M6wSQV_g__99_171,Telugu,216,206,1.0,1.0416666666666667,1.0,0.04166666666666674,0.3106796116504854,0,206,10,0,216,0,197,19,9,216,225,"{'SPEAKER_00': 'Speaker_A', 'SPEAKER_01': 'Speaker_B'}",0,206,10,0,216,216,64,206,0,64
whisper-large-v3-turbo,Tlha36rSd5o__240_374,Tamil,301,316,1.0498338870431894,1.0598006644518272,1.0498338870431894,0.009966777408637828,0.009966777408637873,0,301,0,15,316,0,298,3,18,301,319,"{'SPEAKER_00': 'Speaker_A', 'SPEAKER_01': 'Speaker_B'}",0,301,0,15,301,316,3,301,0,3
whisper-large-v3-turbo,TrPnW5kLAyQ__93_513,Devanagari,1065,943,1.0,1.0018779342723005,1.0,0.001877934272300541,0.29056203605514314,0,943,122,0,1065,0,941,124,2,1065,1067,"{'SPEAKER_01': 'Speaker_A', 'SPEAKER_00': 'Speaker_B', 'SPEAKER_03': 'Speaker_C', 'SPEAKER_02': 'Speaker_D'}",0,943,122,0,1065,1065,274,943,0,274
whisper-large-v3-turbo,U_EHjxThUgc__181_289,Bengali,293,165,1.0,1.0,1.0,0.0,0.7636363636363637,0,165,128,0,293,0,165,128,0,293,293,"{'SPEAKER_02': 'Speaker_A', 'SPEAKER_01': 'Speaker_B', 'SPEAKER_00': 'Speaker_C'}",0,165,128,0,293,293,126,165,0,126
whisper-large-v3-turbo,VHlIFsHPWbk__23_470,Oriya,1295,319,1.0,1.0,1.0,0.0,0.5736677115987461,0,319,976,0,1295,0,319,976,0,1295,1295,"{'SPEAKER_00': 'Speaker_A', 'SPEAKER_01': 'Speaker_B', 'SPEAKER_02': 'Speaker_C', 'SPEAKER_03': 'Speaker_D'}",0,319,976,0,1295,1295,183,319,0,183
whisper-large-v3-turbo,VKY0uuZ6Om8__575_935,Devanagari,1055,938,1.0,1.0,1.0,0.0,0.8464818763326226,0,938,117,0,1055,0,938,117,0,1055,1055,"{'SPEAKER_01': 'Speaker_A', 'SPEAKER_02': 'Speaker_B', 'SPEAKER_00': 'Speaker_C'}",0,938,117,0,1055,1055,794,938,0,794
whisper-large-v3-turbo,VY_4x1scS-Y__13_121,Tamil,315,280,1.0,1.0126984126984127,1.0,0.012698412698412653,0.5035714285714286,0,280,35,0,315,0,276,39,4,315,319,"{'SPEAKER_01': 'Speaker_A', 'SPEAKER_03': 'Speaker_B', 'SPEAKER_00': 'Speaker_C', 'SPEAKER_02': 'Speaker_D'}",0,280,35,0,315,315,141,280,0,141
whisper-large-v3,0AEEA8NyVwY__11_609,Devanagari,1303,239,0.9792785878741366,0.9792785878741366,0.9792785878741366,0.0,0.4366812227074236,37,192,1074,10,1276,34,198,1071,7,1303,1276,"{'SPEAKER_01': 'Speaker_A', 'SPEAKER_02': 'Speaker_B', 'SPEAKER_00': 'Speaker_C'}",37,192,1074,10,1303,1276,100,229,4,96
whisper-large-v3,0SoItGfM_sY__7_88,Kannada,165,56,0.9272727272727272,0.9393939393939394,0.9272727272727272,0.0121212121212122,0.21428571428571427,12,44,109,0,153,10,46,109,0,165,155,"{'SPEAKER_01': 'Speaker_A', 'SPEAKER_03': 'Speaker_B', 'SPEAKER_00': 'Speaker_E'}",12,44,109,0,165,153,12,56,2,10
whisper-large-v3,0VEwL9XZ0LY__261_557,Devanagari,868,511,0.9089861751152074,0.9124423963133641,0.9089861751152074,0.003456221198156695,0.102,90,410,368,11,789,86,415,367,10,868,792,"{'SPEAKER_00': 'Speaker_A', 'SPEAKER_01': 'Speaker_B'}",90,410,368,11,868,789,51,500,0,51
whisper-large-v3,0esIFSOAcFs__0_913,Gujarati,2697,733,0.8657767890248425,0.8698553948832035,0.8657767890248425,0.004078605858361062,0.10273972602739725,365,365,1967,3,2335,354,376,1967,3,2697,2346,"{'SPEAKER_02': 'Speaker_A', 'SPEAKER_00': 'Speaker_B', 'SPEAKER_01': 'Speaker_C'}",365,365,1967,3,2697,2335,75,730,17,58
whisper-large-v3,0p6cktLGIfY__12_930,Gujarati,2532,744,0.8830963665086888,0.8906003159557662,0.8830963665086888,0.007503949447077329,0.1523809523809524,305,430,1797,9,2236,291,439,1802,14,2532,2255,"{'SPEAKER_04': 'Speaker_A', 'SPEAKER_00': 'Speaker_B', 'SPEAKER_02': 'Speaker_C', 'SPEAKER_03': 'Speaker_E', 'SPEAKER_01': 'Speaker_F'}",305,430,1797,9,2532,2236,112,735,28,84
whisper-large-v3,13VBh0Z6QmE__0_904,Tamil,2396,1087,0.9298831385642737,0.9403171953255426,0.9298831385642737,0.01043405676126885,0.24837812789620017,176,903,1317,8,2228,149,932,1315,6,2396,2253,"{'SPEAKER_01': 'Speaker_A', 'SPEAKER_04': 'Speaker_B', 'SPEAKER_02': 'Speaker_C', 'SPEAKER_03': 'Speaker_D'}",176,903,1317,8,2396,2228,268,1079,31,237
whisper-large-v3,1LFl5JEipII__0_597,Bengali,1554,548,0.88996138996139,0.9343629343629344,0.88996138996139,0.044401544401544424,0.4954128440366973,174,371,1009,3,1383,118,414,1022,16,1554,1452,"{'SPEAKER_04': 'Speaker_A', 'SPEAKER_03': 'Speaker_B', 'SPEAKER_02': 'Speaker_C', 'SPEAKER_00': 'Speaker_D', 'SPEAKER_01': 'Speaker_E'}",174,371,1009,3,1554,1383,270,545,71,199
whisper-large-v3,2HGP34TNvjg__84_194,Oriya,290,218,1.0,1.0,1.0,0.0,0.3440366972477064,0,218,72,0,290,0,218,72,0,290,290,"{'SPEAKER_00': 'Speaker_A', 'SPEAKER_01': 'Speaker_B'}",0,218,72,0,290,290,75,218,0,75
whisper-large-v3,2LN6vb7EBn0__98_394,Tamil,727,370,0.9394773039889959,0.9491059147180193,0.9394773039889959,0.009628610729023435,0.4173441734417344,45,324,358,1,683,38,331,358,1,727,690,"{'SPEAKER_01': 'Speaker_A', 'SPEAKER_00': 'Speaker_B', 'SPEAKER_02': 'Speaker_C'}",45,324,358,1,727,683,154,369,9,145
whisper-large-v3,2T4pjueLrsk__677_1290,Gujarati,2286,1799,1.0,1.0017497812773404,1.0,0.0017497812773403787,0.3468593663146192,0,1799,487,0,2286,0,1795,491,4,2286,2290,"{'SPEAKER_00': 'Speaker_A', 'SPEAKER_02': 'Speaker_B', 'SPEAKER_01': 'Speaker_C', 'SPEAKER_03': 'Speaker_D'}",0,1799,487,0,2286,2286,624,1799,0,624
whisper-large-v3,2gGHQgj9yno__0_99,Gujarati,282,77,0.9184397163120568,0.9219858156028369,0.9184397163120568,0.0035460992907800915,0.2236842105263158,24,52,206,1,259,23,53,206,1,282,260,"{'SPEAKER_00': 'Speaker_A', 'SPEAKER_01': 'Speaker_B'}",24,52,206,1,282,259,17,76,3,14
whisper-large-v3,2iMXYxBTwbM__339_401,Devanagari,187,111,0.9251336898395722,0.9358288770053476,0.9251336898395722,0.010695187165775333,0.24324324324324326,14,97,76,0,173,12,99,76,0,187,175,"{'SPEAKER_01': 'Speaker_A', 'SPEAKER_00': 'Speaker_C'}",14,97,76,0,187,173,27,111,5,22
whisper-large-v3,37dND_0r6S8__60_222,Tamil,520,269,0.8942307692307693,0.9096153846153846,0.8942307692307693,0.01538461538461533,0.1791044776119403,56,212,252,1,465,48,220,252,1,520,473,"{'SPEAKER_00': 'Speaker_A', 'SPEAKER_01': 'Speaker_B'}",56,212,252,1,520,465,48,268,3,45
whisper-large-v3,4Qg2jWP6_T0__136_202,Gurmukhi,266,43,0.9661654135338346,0.9661654135338346,0.9661654135338346,0.0,0.32558139534883723,9,34,223,0,257,9,34,223,0,266,257,"{'SPEAKER_01': 'Speaker_A', 'SPEAKER_00': 'Speaker_C'}",9,34,223,0,266,257,14,43,0,14
whisper-large-v3,6-726qTlYeg__102_162,Malayalam,200,24,0.995,0.995,0.995,0.0,0.25,1,23,176,0,199,1,23,176,0,200,199,"{'SPEAKER_00': 'Speaker_A', 'SPEAKER_01': 'Speaker_B'}",1,23,176,0,200,199,6,24,0,6
whisper-large-v3,6ZeRgvDHwcI__6_100,Gujarati,189,110,0.7883597883597884,0.7936507936507936,0.7883597883597884,0.005291005291005235,0.05825242718446602,47,56,86,7,149,46,57,86,7,189,150,"{'SPEAKER_00': 'Speaker_A', 'SPEAKER_01': 'Speaker_B'}",47,56,86,7,189,149,6,103,0,6
whisper-large-v3,6f6TLzlP8Wk__82_144,Gurmukhi,236,67,0.9322033898305084,0.9364406779661016,0.9322033898305084,0.004237288135593209,0.26865671641791045,16,51,169,0,220,15,52,169,0,236,221,"{'SPEAKER_01': 'Speaker_A', 'SPEAKER_00': 'Speaker_B'}",16,51,169,0,236,220,18,67,3,15
whisper-large-v3,7L4gi7Ncc0s__90_148,Malayalam,120,22,1.0,1.0,1.0,0.0,0.5,0,22,98,0,120,0,22,98,0,120,120,"{'SPEAKER_00': 'Speaker_A', 'SPEAKER_01': 'Speaker_B'}",0,22,98,0,120,120,11,22,0,11
whisper-large-v3,7WhVNRHbjIY__91_1089,Tamil,2491,1304,0.8667201926936973,0.8679245283018868,0.8667201926936973,0.001204335608189555,0.10110584518167456,370,896,1225,38,2159,367,899,1225,38,2491,2162,"{'SPEAKER_04': 'Speaker_A', 'SPEAKER_02': 'Speaker_B', 'SPEAKER_01': 'Speaker_C', 'SPEAKER_03': 'Speaker_D', 'SPEAKER_00': 'Speaker_E'}",370,896,1225,38,2491,2159,128,1266,7,121
whisper-large-v3,7YfsQPYY-W0__351_411,Oriya,197,67,1.0,1.0,1.0,0.0,0.8059701492537313,0,67,130,0,197,0,67,130,0,197,197,"{'SPEAKER_00': 'Speaker_A', 'SPEAKER_01': 'Speaker_B'}",0,67,130,0,197,197,54,67,0,54
whisper-large-v3,7c9ePKgqams__299_869,Telugu,1530,152,0.9921568627450981,0.9934640522875817,0.9921568627450981,0.0013071895424836555,0.5131578947368421,12,140,1378,0,1518,10,142,1378,0,1530,1520,"{'SPEAKER_02': 'Speaker_B', 'SPEAKER_01': 'Speaker_C', 'SPEAKER_00': 'Speaker_D'}",12,140,1378,0,1530,1518,78,152,7,71
whisper-large-v3,7k-xDqNjESc__73_981,Malayalam,2159,584,0.999073645206114,0.999536822603057,0.999073645206114,0.0004631773969430153,0.5,2,582,1575,0,2157,1,583,1575,0,2159,2158,"{'SPEAKER_00': 'Speaker_B', 'SPEAKER_01': 'Speaker_C', 'SPEAKER_02': 'Speaker_D'}",2,582,1575,0,2159,2157,292,584,1,291
whisper-large-v3,83gP2vLH7UY__255_2005,Devanagari,5799,657,0.9874116226935679,0.9872391791688222,0.9874116226935679,-0.00017244352474565794,0.5114854517611026,77,576,5146,4,5726,81,569,5149,7,5799,5725,"{'SPEAKER_01': 'Speaker_A', 'SPEAKER_00': 'Speaker_B', 'SPEAKER_03': 'Speaker_C', 'SPEAKER_04': 'Speaker_D', 'SPEAKER_02': 'Speaker_E'}",77,576,5146,4,5799,5726,334,653,15,319
whisper-large-v3,86mMTUeDiR8__181_1079,Bengali,2267,246,0.9761799735333039,0.9792677547419497,0.9761799735333039,0.0030877812086458345,0.363265306122449,55,190,2022,1,2213,48,197,2022,1,2267,2220,"{'SPEAKER_04': 'Speaker_A', 'SPEAKER_02': 'Speaker_B', 'SPEAKER_03': 'Speaker_C', 'SPEAKER_01': 'Speaker_D', 'SPEAKER_00': 'Speaker_E'}",55,190,2022,1,2267,2213,89,245,14,75
whisper-large-v3,87Zbup3ohcw__106_445,Tamil,741,384,0.8340080971659919,0.8394062078272605,0.8340080971659919,0.005398110661268607,0.04774535809018567,130,247,364,7,618,127,249,365,8,741,622,"{'SPEAKER_01': 'Speaker_A', 'SPEAKER_02': 'Speaker_B', 'SPEAKER_03': 'Speaker_C', 'SPEAKER_00': 'Speaker_D'}",130,247,364,7,741,618,18,377,4,14
whisper-large-v3,8Ve4SWhlrrA__0_70,Oriya,133,107,1.0,1.0,1.0,0.0,0.037383177570093455,0,107,26,0,133,0,107,26,0,133,133,{'SPEAKER_00': 'Speaker_A'},0,107,26,0,133,133,4,107,0,4
whisper-large-v3,8mvORuRHw2U__0_1197,Gujarati,3425,865,0.8931386861313869,0.8978102189781022,0.8931386861313869,0.004671532846715287,0.18604651162790697,371,489,2565,5,3059,355,505,2565,5,3425,3075,"{'SPEAKER_01': 'Speaker_A', 'SPEAKER_03': 'Speaker_B', 'SPEAKER_00': 'Speaker_C', 'SPEAKER_02': 'Speaker_D'}",371,489,2565,5,3425,3059,160,860,38,122
whisper-large-v3,8o7jKmq6HsM__30_1770,Devanagari,4454,1148,0.9719353390211046,0.973731477323754,0.9719353390211046,0.0017961383026493527,0.42769500438212094,132,1009,3313,7,4329,123,1019,3312,6,4454,4337,"{'SPEAKER_04': 'Speaker_A', 'SPEAKER_02': 'Speaker_B', 'SPEAKER_01': 'Speaker_C', 'SPEAKER_00': 'Speaker_D', 'SPEAKER_03': 'Speaker_E', 'SPEAKER_05': 'Speaker_F'}",132,1009,3313,7,4454,4329,488,1141,38,450
whisper-large-v3,8pkp-lpMJP0__326_926,Telugu,1482,229,0.9804318488529015,0.979757085020243,0.9804318488529015,-0.0006747638326585204,0.4366812227074236,29,200,1253,0,1453,30,199,1253,0,1482,1452,"{'SPEAKER_03': 'Speaker_A', 'SPEAKER_02': 'Speaker_B', 'SPEAKER_00': 'Speaker_C', 'SPEAKER_04': 'Speaker_D', 'SPEAKER_06': 'Speaker_E', 'SPEAKER_01': 'Speaker_F', 'SPEAKER_05': 'Speaker_H'}",29,200,1253,0,1482,1453,100,229,11,89
whisper-large-v3,8r2Nltl0W4o__259_320,Gurmukhi,253,83,0.924901185770751,0.932806324110672,0.924901185770751,0.007905138339921014,0.07228915662650602,19,64,170,0,234,17,66,170,0,253,236,"{'SPEAKER_01': 'Speaker_A', 'SPEAKER_00': 'Speaker_B'}",19,64,170,0,253,234,6,83,1,5
whisper-large-v3,90uAd6xpTPo__16_408,Devanagari,1212,863,0.4744224422442244,0.47854785478547857,0.4744224422442244,0.004125412541254148,0.00936768149882904,646,208,358,9,575,642,211,359,10,1212,580,"{'SPEAKER_03': 'Speaker_A', 'SPEAKER_02': 'Speaker_B', 'SPEAKER_01': 'Speaker_C', 'SPEAKER_00': 'Speaker_D'}",646,208,358,9,1212,575,8,854,5,3
whisper-large-v3,9Aw8kg8w5Xo__0_83,Telugu,199,39,0.964824120603015,0.964824120603015,0.964824120603015,0.0,0.1794871794871795,7,32,160,0,192,7,32,160,0,199,192,"{'SPEAKER_00': 'Speaker_A', 'SPEAKER_02': 'Speaker_C'}",7,32,160,0,199,192,7,39,0,7
whisper-large-v3,9_GMxc_JjyI__236_368,Kannada,361,107,0.9501385041551247,0.9529085872576177,0.9501385041551247,0.0027700831024930483,0.16037735849056603,19,87,255,1,343,18,88,255,1,361,344,"{'SPEAKER_01': 'Speaker_A', 'SPEAKER_00': 'Speaker_B'}",19,87,255,1,361,343,17,106,1,16
whisper-large-v3,ARCKJrGkITw__14_496,Telugu,1375,227,0.9629090909090909,0.9643636363636363,0.9629090909090909,0.001454545454545375,0.23788546255506607,51,176,1148,0,1324,49,178,1148,0,1375,1326,"{'SPEAKER_02': 'Speaker_A', 'SPEAKER_00': 'Speaker_B', 'SPEAKER_01': 'Speaker_C'}",51,176,1148,0,1375,1324,54,227,5,49
whisper-large-v3,ARZl7LT0UC0__73_130,Telugu,150,24,0.9466666666666667,0.9466666666666667,0.9466666666666667,0.0,0.08333333333333333,8,16,126,0,142,8,16,126,0,150,142,"{'SPEAKER_00': 'Speaker_A', 'SPEAKER_02': 'Speaker_B'}",8,16,126,0,150,142,2,24,0,2
