system,clip_id,script,n_ref_words,n_hyp,wer,cpwer,di_cpwer,cp_minus_di_cp,wder,hits,sub,del,ins,wder_num,wder_denom,cp_mapping,attribution_diar,errors,cphits,cpsub,cpdel,cpins,cpn_ref_words,cperrors,di_cphits,di_cpsub,di_cpdel,di_cpins,di_cpn_ref_words,di_cperrors,wder_correct_wrong_spk,wder_sub_wrong_spk
sarvam-saaras-v3@fusion,0AEEA8NyVwY__11_609,Devanagari,1303,1227,0.21028396009209516,0.21412125863392173,0.21028396009209516,0.0038372985418265726,0.0074875207986688855,1054,148,101,25,9,1202,"{'SPEAKER_01': 'Speaker_A', 'SPEAKER_02': 'Speaker_B', 'SPEAKER_00': 'Speaker_C'}",fusion,274,1051,149,103,27,1303,279,1054,148,101,25,1303,274,3,6
sarvam-saaras-v3@fusion,0SoItGfM_sY__7_88,Kannada,165,186,0.2545454545454545,0.40606060606060607,0.2545454545454545,0.15151515151515155,0.19631901840490798,146,17,2,23,32,163,"{'SPEAKER_01': 'Speaker_A', 'SPEAKER_03': 'Speaker_B', 'SPEAKER_02': 'Speaker_D', 'SPEAKER_00': 'Speaker_E'}",fusion,42,135,14,16,37,165,67,146,17,2,23,165,42,24,8
sarvam-saaras-v3@fusion,0VEwL9XZ0LY__261_557,Devanagari,868,838,0.1728110599078341,0.16820276497695852,0.1728110599078341,-0.004608294930875584,0.018656716417910446,752,52,64,34,15,804,"{'SPEAKER_00': 'Speaker_A', 'SPEAKER_01': 'Speaker_B'}",fusion,150,748,64,56,26,868,146,752,52,64,34,868,150,8,7
sarvam-saaras-v3@fusion,0esIFSOAcFs__0_913,Gujarati,2697,2698,0.19911012235817574,0.19169447534297368,0.19911012235817574,-0.007415647015202059,0.01744186046511628,2278,302,117,118,45,2580,"{'SPEAKER_02': 'Speaker_A', 'SPEAKER_00': 'Speaker_B', 'SPEAKER_01': 'Speaker_C'}",fusion,537,2275,328,94,95,2697,517,2278,302,117,118,2697,537,32,13
sarvam-saaras-v3@fusion,0p6cktLGIfY__12_930,Gujarati,2532,2731,0.30213270142180093,0.32661927330173773,0.30213270142180093,0.024486571879936803,0.07613589848546869,2055,388,89,288,186,2443,"{'SPEAKER_04': 'Speaker_A', 'SPEAKER_00': 'Speaker_B', 'SPEAKER_02': 'Speaker_C', 'SPEAKER_03': 'Speaker_E', 'SPEAKER_01': 'Speaker_F'}",fusion,765,2000,436,96,295,2532,827,2055,388,89,288,2532,765,144,42
sarvam-saaras-v3@fusion,13VBh0Z6QmE__0_904,Tamil,2396,2617,0.3192821368948247,0.3397328881469115,0.3192821368948247,0.020450751252086785,0.09090909090909091,1938,372,86,307,210,2310,"{'SPEAKER_01': 'Speaker_A', 'SPEAKER_04': 'Speaker_B', 'SPEAKER_02': 'Speaker_C', 'SPEAKER_03': 'Speaker_D'}",fusion,765,1902,395,99,320,2396,814,1938,372,86,307,2396,765,138,72
sarvam-saaras-v3@fusion,1LFl5JEipII__0_597,Bengali,1554,2061,0.6351351351351351,0.7734877734877735,0.6351351351351351,0.13835263835263845,0.3319838056680162,1146,336,72,579,492,1482,"{'SPEAKER_03': 'Speaker_A', 'SPEAKER_04': 'Speaker_B', 'SPEAKER_02': 'Speaker_C', 'SPEAKER_00': 'Speaker_D', 'SPEAKER_01': 'Speaker_E'}",fusion,987,1028,357,169,676,1554,1202,1146,336,72,579,1554,987,343,149
sarvam-saaras-v3@fusion,2HGP34TNvjg__84_194,Oriya,290,299,0.30344827586206896,0.31724137931034485,0.30344827586206896,0.01379310344827589,0.06859205776173286,224,53,13,22,19,277,"{'SPEAKER_00': 'Speaker_A', 'SPEAKER_01': 'Speaker_B'}",fusion,88,221,55,14,23,290,92,224,53,13,22,290,88,10,9
sarvam-saaras-v3@fusion,2LN6vb7EBn0__98_394,Tamil,727,775,0.30536451169188444,0.42090784044016505,0.30536451169188444,0.1155433287482806,0.11505681818181818,576,128,23,71,81,704,"{'SPEAKER_01': 'Speaker_A', 'SPEAKER_00': 'Speaker_B', 'SPEAKER_02': 'Speaker_C'}",fusion,222,528,140,59,107,727,306,576,128,23,71,727,222,60,21
sarvam-saaras-v3@fusion,2T4pjueLrsk__677_1290,Gujarati,2286,1972,0.568241469816273,0.6093613298337708,0.568241469816273,0.04111986001749779,0.20982142857142858,1167,625,494,180,376,1792,"{'SPEAKER_00': 'Speaker_A', 'SPEAKER_02': 'Speaker_B', 'SPEAKER_01': 'Speaker_C', 'SPEAKER_03': 'Speaker_D'}",fusion,1299,1085,695,506,192,2286,1393,1167,625,494,180,2286,1299,176,200
sarvam-saaras-v3@fusion,2gGHQgj9yno__0_99,Gujarati,282,280,0.2872340425531915,0.4078014184397163,0.2872340425531915,0.12056737588652477,0.11567164179104478,213,55,14,12,31,268,"{'SPEAKER_00': 'Speaker_A', 'SPEAKER_01': 'Speaker_B'}",fusion,81,201,45,36,34,282,115,213,55,14,12,282,81,16,15
sarvam-saaras-v3@fusion,2iMXYxBTwbM__339_401,Devanagari,187,214,0.47593582887700536,0.45989304812834225,0.47593582887700536,-0.01604278074866311,0.052941176470588235,142,28,17,44,9,170,"{'SPEAKER_01': 'Speaker_A', 'SPEAKER_00': 'Speaker_C'}",fusion,89,141,33,13,40,187,86,142,28,17,44,187,89,6,3
sarvam-saaras-v3@fusion,37dND_0r6S8__60_222,Tamil,520,539,0.35384615384615387,0.37884615384615383,0.35384615384615387,0.024999999999999967,0.08264462809917356,391,93,36,55,40,484,"{'SPEAKER_00': 'Speaker_A', 'SPEAKER_01': 'Speaker_B'}",fusion,184,377,108,35,54,520,197,391,93,36,55,520,184,28,12
sarvam-saaras-v3@fusion,4Qg2jWP6_T0__136_202,Gurmukhi,266,329,0.7406015037593985,1.150375939849624,0.7406015037593985,0.40977443609022557,0.5972222222222222,182,34,50,113,129,216,"{'SPEAKER_01': 'Speaker_A', 'SPEAKER_00': 'Speaker_C'}",fusion,197,92,105,69,132,266,306,182,34,50,113,266,197,106,23
sarvam-saaras-v3@fusion,6-726qTlYeg__102_162,Malayalam,200,233,0.645,0.6,0.645,-0.04500000000000004,0.11363636363636363,128,48,24,57,20,176,"{'SPEAKER_00': 'Speaker_A', 'SPEAKER_01': 'Speaker_B'}",fusion,129,130,53,17,50,200,120,128,48,24,57,200,129,10,10
sarvam-saaras-v3@fusion,6ZeRgvDHwcI__6_100,Gujarati,189,199,0.1693121693121693,0.1693121693121693,0.1693121693121693,0.0,0.03208556149732621,169,18,2,12,6,187,"{'SPEAKER_00': 'Speaker_A', 'SPEAKER_01': 'Speaker_B'}",fusion,32,170,16,3,13,189,32,169,18,2,12,189,32,5,1
sarvam-saaras-v3@fusion,6f6TLzlP8Wk__82_144,Gurmukhi,236,293,0.5550847457627118,0.5550847457627118,0.5550847457627118,0.0,0.21100917431192662,180,38,18,75,46,218,"{'SPEAKER_01': 'Speaker_A', 'SPEAKER_00': 'Speaker_B'}",fusion,131,183,32,21,78,236,131,180,38,18,75,236,131,37,9
sarvam-saaras-v3@fusion,7L4gi7Ncc0s__90_148,Malayalam,120,109,0.26666666666666666,0.26666666666666666,0.26666666666666666,0.0,0.0,92,13,15,4,0,105,"{'SPEAKER_01': 'Speaker_A', 'SPEAKER_00': 'Speaker_B'}",fusion,32,92,13,15,4,120,32,92,13,15,4,120,32,0,0
sarvam-saaras-v3@fusion,7WhVNRHbjIY__91_1089,Tamil,2491,2598,0.23243677238057006,0.23564833400240867,0.23243677238057006,0.00321156162183861,0.017630176301763018,2071,368,52,159,43,2439,"{'SPEAKER_04': 'Speaker_A', 'SPEAKER_02': 'Speaker_B', 'SPEAKER_01': 'Speaker_C', 'SPEAKER_03': 'Speaker_D', 'SPEAKER_00': 'Speaker_E'}",fusion,579,2064,374,53,160,2491,587,2071,368,52,159,2491,579,27,16
sarvam-saaras-v3@fusion,7YfsQPYY-W0__351_411,Oriya,197,272,0.949238578680203,0.9644670050761421,0.949238578680203,0.015228426395939132,0.4523809523809524,114,54,29,104,76,168,"{'SPEAKER_00': 'Speaker_A', 'SPEAKER_01': 'Speaker_B'}",fusion,187,102,75,20,95,197,190,114,54,29,104,197,187,56,20
sarvam-saaras-v3@fusion,7c9ePKgqams__299_869,Telugu,1530,1647,0.37777777777777777,0.38758169934640524,0.37777777777777777,0.009803921568627472,0.10893854748603352,1167,265,98,215,156,1432,"{'SPEAKER_00': 'Speaker_B', 'SPEAKER_01': 'Speaker_C', 'SPEAKER_02': 'Speaker_D'}",fusion,578,1151,282,97,214,1530,593,1167,265,98,215,1530,578,126,30
sarvam-saaras-v3@fusion,7k-xDqNjESc__73_981,Malayalam,2159,2329,0.3881426586382585,0.49467345993515516,0.3881426586382585,0.10653080129689668,0.1791936286709806,1641,368,150,320,360,2009,"{'SPEAKER_02': 'Speaker_B', 'SPEAKER_01': 'Speaker_C', 'SPEAKER_00': 'Speaker_D'}",fusion,838,1517,386,256,426,2159,1068,1641,368,150,320,2159,838,257,103
sarvam-saaras-v3@fusion,83gP2vLH7UY__255_2005,Devanagari,5799,5573,0.3328160027590964,0.28453181583031556,0.3328160027590964,-0.04828418692878084,0.12141453831041257,4352,738,709,483,618,5090,"{'SPEAKER_01': 'Speaker_A', 'SPEAKER_00': 'Speaker_B', 'SPEAKER_03': 'Speaker_C', 'SPEAKER_04': 'Speaker_D', 'SPEAKER_02': 'Speaker_E'}",fusion,1930,4525,672,602,376,5799,1650,4352,738,709,483,5799,1930,321,297
sarvam-saaras-v3@fusion,86mMTUeDiR8__181_1079,Bengali,2267,3274,0.7225408028231143,0.855315394794883,0.7225408028231143,0.13277459197176877,0.44636194029850745,1759,385,123,1130,957,2144,"{'SPEAKER_03': 'Speaker_A', 'SPEAKER_02': 'Speaker_B', 'SPEAKER_01': 'Speaker_C', 'SPEAKER_04': 'Speaker_D', 'SPEAKER_00': 'Speaker_E'}",fusion,1638,1505,592,170,1177,2267,1939,1759,385,123,1130,2267,1638,751,206
sarvam-saaras-v3@fusion,87Zbup3ohcw__106_445,Tamil,741,774,0.20917678812415655,0.20512820512820512,0.20917678812415655,-0.0040485829959514275,0.031988873435326845,641,78,22,55,23,719,"{'SPEAKER_01': 'Speaker_A', 'SPEAKER_02': 'Speaker_B', 'SPEAKER_03': 'Speaker_C', 'SPEAKER_00': 'Speaker_D'}",fusion,155,643,77,21,54,741,152,641,78,22,55,741,155,18,5
sarvam-saaras-v3@fusion,8Ve4SWhlrrA__0_70,Oriya,133,131,0.23308270676691728,0.2932330827067669,0.23308270676691728,0.06015037593984962,0.031496062992125984,106,21,6,4,4,127,{'SPEAKER_00': 'Speaker_A'},fusion,31,102,21,10,8,133,39,106,21,6,4,133,31,4,0
sarvam-saaras-v3@fusion,8mvORuRHw2U__0_1197,Gujarati,3425,3695,0.27941605839416056,0.275036496350365,0.27941605839416056,-0.004379562043795582,0.03560466543891958,2905,353,167,437,116,3258,"{'SPEAKER_01': 'Speaker_A', 'SPEAKER_03': 'Speaker_B', 'SPEAKER_00': 'Speaker_C', 'SPEAKER_02': 'Speaker_D'}",fusion,957,2875,428,122,392,3425,942,2905,353,167,437,3425,957,74,42
sarvam-saaras-v3@fusion,8o7jKmq6HsM__30_1770,Devanagari,4454,4275,0.2586439155814998,0.2570722945666816,0.2586439155814998,-0.0015716210148181697,0.011407766990291262,3457,663,334,155,47,4120,"{'SPEAKER_04': 'Speaker_A', 'SPEAKER_02': 'Speaker_B', 'SPEAKER_01': 'Speaker_C', 'SPEAKER_00': 'Speaker_D', 'SPEAKER_03': 'Speaker_E', 'SPEAKER_05': 'Speaker_F'}",fusion,1152,3452,680,322,143,4454,1145,3457,663,334,155,4454,1152,7,40
sarvam-saaras-v3@fusion,8pkp-lpMJP0__326_926,Telugu,1482,1402,0.4622132253711201,0.5330634278002699,0.4622132253711201,0.07085020242914986,0.17204301075268819,897,405,180,100,224,1302,"{'SPEAKER_03': 'Speaker_A', 'SPEAKER_02': 'Speaker_B', 'SPEAKER_00': 'Speaker_C', 'SPEAKER_04': 'Speaker_D', 'SPEAKER_06': 'Speaker_E', 'SPEAKER_01': 'Speaker_G', 'SPEAKER_05': 'Speaker_H'}",fusion,685,844,406,232,152,1482,790,897,405,180,100,1482,685,70,154
sarvam-saaras-v3@fusion,8r2Nltl0W4o__259_320,Gurmukhi,253,234,0.2608695652173913,0.25296442687747034,0.2608695652173913,-0.007905138339920958,0.013333333333333334,196,29,28,9,3,225,"{'SPEAKER_01': 'Speaker_A', 'SPEAKER_00': 'Speaker_B'}",fusion,66,198,27,28,9,253,64,196,29,28,9,253,66,2,1
sarvam-saaras-v3@fusion,90uAd6xpTPo__16_408,Devanagari,1212,1204,0.07590759075907591,0.07590759075907591,0.07590759075907591,0.0,0.0008403361344537816,1134,56,22,14,1,1190,"{'SPEAKER_03': 'Speaker_A', 'SPEAKER_02': 'Speaker_B', 'SPEAKER_01': 'Speaker_C', 'SPEAKER_00': 'Speaker_D'}",fusion,92,1134,56,22,14,1212,92,1134,56,22,14,1212,92,1,0
sarvam-saaras-v3@fusion,9Aw8kg8w5Xo__0_83,Telugu,199,200,0.21105527638190955,0.21608040201005024,0.21105527638190955,0.0050251256281406975,0.015706806282722512,166,25,8,9,3,191,"{'SPEAKER_00': 'Speaker_A', 'SPEAKER_02': 'Speaker_C', 'SPEAKER_01': 'Speaker_D'}",fusion,42,166,24,9,10,199,43,166,25,8,9,199,42,0,3
sarvam-saaras-v3@fusion,9_GMxc_JjyI__236_368,Kannada,361,360,0.23268698060941828,0.21052631578947367,0.23268698060941828,-0.02216066481994461,0.02040816326530612,294,49,18,17,7,343,"{'SPEAKER_01': 'Speaker_A', 'SPEAKER_00': 'Speaker_B'}",fusion,84,295,55,11,10,361,76,294,49,18,17,361,84,2,5
sarvam-saaras-v3@fusion,ARCKJrGkITw__14_496,Telugu,1375,1287,0.264,0.2647272727272727,0.264,0.0007272727272726875,0.022997620935765267,1038,223,114,26,29,1261,"{'SPEAKER_02': 'Speaker_A', 'SPEAKER_00': 'Speaker_B', 'SPEAKER_01': 'Speaker_C'}",fusion,363,1043,212,120,32,1375,364,1038,223,114,26,1375,363,6,23
sarvam-saaras-v3@fusion,ARZl7LT0UC0__73_130,Telugu,150,153,0.26,0.4,0.26,0.14,0.19718309859154928,122,20,8,11,28,142,"{'SPEAKER_01': 'Speaker_A', 'SPEAKER_02': 'Speaker_B', 'SPEAKER_00': 'Speaker_C'}",fusion,39,113,17,20,23,150,60,122,20,8,11,150,39,18,10
sarvam-saaras-v3@fusion,A_dohDOK6Ic__0_600,Devanagari,1829,1828,0.11755057408419901,0.11755057408419901,0.11755057408419901,0.0,0.0005583472920156337,1651,140,38,37,1,1791,"{'SPEAKER_02': 'Speaker_A', 'SPEAKER_00': 'Speaker_B', 'SPEAKER_01': 'Speaker_C'}",fusion,215,1651,140,38,37,1829,215,1651,140,38,37,1829,215,1,0
sarvam-saaras-v3@fusion,B2ScTgeIIck__117_180,Oriya,174,158,0.2988505747126437,0.28160919540229884,0.2988505747126437,-0.017241379310344862,0.0457516339869281,127,26,21,5,7,153,"{'SPEAKER_00': 'Speaker_A', 'SPEAKER_01': 'Speaker_B'}",fusion,52,129,25,20,4,174,49,127,26,21,5,174,52,1,6
sarvam-saaras-v3@fusion,BGAAfht5dYw__0_612,Gujarati,2067,2104,0.3405902273826802,0.3807450411223996,0.3405902273826802,0.04015481373971941,0.07817258883248732,1497,473,97,134,154,1970,"{'SPEAKER_01': 'Speaker_A', 'SPEAKER_00': 'Speaker_B', 'SPEAKER_03': 'Speaker_C', 'SPEAKER_02': 'Speaker_D'}",fusion,704,1453,478,136,173,2067,787,1497,473,97,134,2067,704,55,99
sarvam-saaras-v3@fusion,BYLcUGNB_zM__20_1387,Kannada,3270,3328,0.2636085626911315,0.26238532110091745,0.2636085626911315,-0.0012232415902140303,0.002824858757062147,2550,636,84,142,9,3186,"{'SPEAKER_00': 'Speaker_A', 'SPEAKER_03': 'Speaker_B', 'SPEAKER_02': 'Speaker_C', 'SPEAKER_01': 'Speaker_D'}",fusion,862,2551,638,81,139,3270,858,2550,636,84,142,3270,862,1,8
sarvam-saaras-v3@fusion,Bngfppo1QtA__28_927,Telugu,2344,2486,0.41680887372013653,0.44283276450511944,0.41680887372013653,0.026023890784982906,0.08318264014466546,1641,571,132,274,184,2212,"{'SPEAKER_00': 'Speaker_A', 'SPEAKER_04': 'Speaker_B', 'SPEAKER_02': 'Speaker_C', 'SPEAKER_01': 'Speaker_D', 'SPEAKER_03': 'Speaker_E'}",fusion,977,1608,576,160,302,2344,1038,1641,571,132,274,2344,977,50,134
sarvam-saaras-v3@fusion,CO_8ppdzq9U__0_695,Tamil,1592,1623,0.375,0.39321608040201006,0.375,0.01821608040201006,0.030638852672750978,1084,450,58,89,47,1534,"{'SPEAKER_01': 'Speaker_A', 'SPEAKER_00': 'Speaker_B', 'SPEAKER_03': 'Speaker_C', 'SPEAKER_02': 'Speaker_D'}",fusion,597,1067,455,70,101,1592,626,1084,450,58,89,1592,597,19,28
sarvam-saaras-v3@fusion,Cku_X_SL7qU__60_660,Gujarati,1774,1639,0.713641488162345,0.7508455467869222,0.713641488162345,0.03720405862457721,0.27414330218068533,542,1063,169,34,440,1605,"{'SPEAKER_00': 'Speaker_A', 'SPEAKER_02': 'Speaker_B', 'SPEAKER_01': 'Speaker_C'}",fusion,1266,499,1083,192,57,1774,1332,542,1063,169,34,1774,1266,40,400
sarvam-saaras-v3@fusion,DPmew0didIM__191_512,Telugu,748,768,0.28475935828877,0.3355614973262032,0.28475935828877,0.05080213903743319,0.06582633053221289,589,125,34,54,47,714,"{'SPEAKER_04': 'Speaker_A', 'SPEAKER_02': 'Speaker_B', 'SPEAKER_03': 'Speaker_C', 'SPEAKER_00': 'Speaker_D', 'SPEAKER_01': 'Speaker_E'}",fusion,213,573,119,56,76,748,251,589,125,34,54,748,213,26,21
sarvam-saaras-v3@fusion,EmsKkNN2Me4__35_95,Malayalam,166,173,0.6385542168674698,0.6325301204819277,0.6385542168674698,-0.0060240963855421326,0.09333333333333334,83,67,16,23,14,150,"{'SPEAKER_00': 'Speaker_A', 'SPEAKER_01': 'Speaker_B'}",fusion,106,84,66,16,23,166,105,83,67,16,23,166,106,3,11
sarvam-saaras-v3@fusion,ExGJodnzocM__212_527,Devanagari,1161,1166,0.11541774332472007,0.14987080103359174,0.11541774332472007,0.034453057708871665,0.027050610820244327,1047,99,15,20,31,1146,"{'SPEAKER_00': 'Speaker_A', 'SPEAKER_02': 'Speaker_B', 'SPEAKER_01': 'Speaker_C', 'SPEAKER_03': 'Speaker_D'}",fusion,134,1025,103,33,38,1161,174,1047,99,15,20,1161,134,26,5
sarvam-saaras-v3@fusion,F2uXav-wriA__0_907,Devanagari,2765,2765,0.12622061482820976,0.19674502712477396,0.12622061482820976,0.0705244122965642,0.046096654275092935,2491,199,75,75,124,2690,"{'SPEAKER_01': 'Speaker_A', 'SPEAKER_02': 'Speaker_B', 'SPEAKER_00': 'Speaker_C', 'SPEAKER_03': 'Speaker_D'}",fusion,349,2393,200,172,172,2765,544,2491,199,75,75,2765,349,114,10
sarvam-saaras-v3@fusion,FDMf9ApmoNU__16_686,Bengali,1622,1625,0.2651048088779285,0.3088779284833539,0.2651048088779285,0.043773119605425403,0.08610567514677103,1284,249,89,92,132,1533,"{'SPEAKER_03': 'Speaker_A', 'SPEAKER_01': 'Speaker_B', 'SPEAKER_02': 'Speaker_C', 'SPEAKER_00': 'Speaker_D'}",fusion,430,1246,254,122,125,1622,501,1284,249,89,92,1622,430,70,62
sarvam-saaras-v3@fusion,G6qzg93FxwE__21_116,Gujarati,267,268,0.11610486891385768,0.12359550561797752,0.11610486891385768,0.007490636704119841,0.003816793893129771,242,20,5,6,1,262,"{'SPEAKER_00': 'Speaker_A', 'SPEAKER_01': 'Speaker_B'}",fusion,31,241,20,6,7,267,33,242,20,5,6,267,31,1,0
sarvam-saaras-v3@fusion,GEc_sS2KWo8__96_290,Gujarati,517,501,0.3307543520309478,0.33849129593810445,0.3307543520309478,0.007736943907156679,0.018404907975460124,358,131,28,12,9,489,"{'SPEAKER_01': 'Speaker_A', 'SPEAKER_00': 'Speaker_B', 'SPEAKER_02': 'Speaker_C'}",fusion,171,355,133,29,13,517,175,358,131,28,12,517,171,0,9
sarvam-saaras-v3@fusion,GfFLEIAAumk__90_163,Bengali,204,202,0.16666666666666666,0.29411764705882354,0.16666666666666666,0.12745098039215688,0.0663265306122449,176,20,8,6,13,196,"{'SPEAKER_00': 'Speaker_A', 'SPEAKER_01': 'Speaker_B'}",fusion,34,163,20,21,19,204,60,176,20,8,6,204,34,13,0
sarvam-saaras-v3@fusion,Gq45evw6ytY__597_1464,Oriya,2688,2432,0.3865327380952381,0.45796130952380953,0.3865327380952381,0.07142857142857145,0.0819327731092437,1701,679,308,52,195,2380,"{'SPEAKER_02': 'Speaker_A', 'SPEAKER_01': 'Speaker_B', 'SPEAKER_00': 'Speaker_C'}",fusion,1039,1591,707,390,134,2688,1231,1701,679,308,52,2688,1039,110,85
sarvam-saaras-v3@fusion,HZv_WvIr6lE__21_105,Tamil,252,240,0.42857142857142855,0.4166666666666667,0.42857142857142855,-0.011904761904761862,0.1013215859030837,157,70,25,13,23,227,"{'SPEAKER_00': 'Speaker_A', 'SPEAKER_01': 'Speaker_B', 'SPEAKER_02': 'Speaker_C'}",fusion,108,158,71,23,11,252,105,157,70,25,13,252,108,10,13
sarvam-saaras-v3@fusion,HpYG46tGyYs__103_998,Devanagari,2564,2632,0.11310452418096724,0.11349453978159127,0.11310452418096724,0.0003900156006240302,0.012214342001576044,2368,170,26,94,31,2538,"{'SPEAKER_01': 'Speaker_A', 'SPEAKER_00': 'Speaker_B', 'SPEAKER_02': 'Speaker_C', 'SPEAKER_03': 'Speaker_D'}",fusion,290,2367,171,26,94,2564,291,2368,170,26,94,2564,290,1,30
sarvam-saaras-v3@fusion,IAm1rt-MYcA__4_558,Bengali,1620,1562,0.22160493827160493,0.22654320987654322,0.22160493827160493,0.004938271604938288,0.011772400261608895,1294,235,91,33,18,1529,"{'SPEAKER_03': 'Speaker_A', 'SPEAKER_02': 'Speaker_B', 'SPEAKER_00': 'Speaker_C', 'SPEAKER_01': 'Speaker_D'}",fusion,359,1292,231,97,39,1620,367,1294,235,91,33,1620,359,6,12
sarvam-saaras-v3@fusion,Iare1Emeueg__16_69,Devanagari,139,140,0.17266187050359713,0.19424460431654678,0.17266187050359713,0.021582733812949645,0.014492753623188406,117,21,1,2,2,138,"{'SPEAKER_00': 'Speaker_A', 'SPEAKER_01': 'Speaker_B'}",fusion,24,115,22,2,3,139,27,117,21,1,2,139,24,2,0
sarvam-saaras-v3@fusion,IfTL8SSN270__62_671,Devanagari,2214,2226,0.13640469738030714,0.15898825654923215,0.13640469738030714,0.022583559168925016,0.03139643861293346,2004,130,80,92,67,2134,"{'SPEAKER_00': 'Speaker_A', 'SPEAKER_02': 'Speaker_B', 'SPEAKER_03': 'Speaker_C', 'SPEAKER_01': 'Speaker_D'}",fusion,302,1977,134,103,115,2214,352,2004,130,80,92,2214,302,43,24
sarvam-saaras-v3@fusion,Ig6szCD8m20__46_106,Devanagari,184,184,0.19021739130434784,0.18478260869565216,0.19021739130434784,-0.005434782608695676,0.017045454545454544,157,19,8,8,3,176,"{'SPEAKER_01': 'Speaker_A', 'SPEAKER_00': 'Speaker_B'}",fusion,35,158,18,8,8,184,34,157,19,8,8,184,35,0,3
sarvam-saaras-v3@fusion,Iqhnt8ENm3U__27_88,Devanagari,177,141,0.5141242937853108,0.6497175141242938,0.5141242937853108,0.13559322033898302,0.18248175182481752,90,47,40,4,25,137,"{'SPEAKER_00': 'Speaker_A', 'spk3': 'Speaker_B', 'SPEAKER_01': 'Speaker_C'}",fusion,91,75,53,49,13,177,115,90,47,40,4,177,91,14,11
sarvam-saaras-v3@fusion,J4-VpEkBzWw__0_600,Kannada,1543,1578,0.23007128969539858,0.26247569669475046,0.23007128969539858,0.032404406999351876,0.05323450134770889,1282,202,59,94,79,1484,"{'SPEAKER_05': 'Speaker_A', 'SPEAKER_04': 'Speaker_B', 'SPEAKER_06': 'Speaker_C', 'SPEAKER_00': 'Speaker_D', 'SPEAKER_02': 'Speaker_E', 'SPEAKER_03': 'Speaker_F', 'SPEAKER_01': 'Speaker_G'}",fusion,355,1254,208,81,116,1543,405,1282,202,59,94,1543,355,47,32
sarvam-saaras-v3@fusion,JBYGLQJwFDc__103_407,Tamil,658,657,0.2887537993920973,0.30547112462006076,0.2887537993920973,0.016717325227963487,0.023734177215189875,493,139,26,25,15,632,"{'SPEAKER_02': 'Speaker_A', 'SPEAKER_00': 'Speaker_B'}",fusion,190,484,146,28,27,658,201,493,139,26,25,658,190,8,7
sarvam-saaras-v3@fusion,JSB1CeS4pP8__0_632,Gurmukhi,2086,2001,0.1912751677852349,0.1965484180249281,0.1912751677852349,0.005273250239693189,0.02189409368635438,1724,240,122,37,43,1964,"{'SPEAKER_01': 'Speaker_A', 'SPEAKER_00': 'Speaker_B', 'SPEAKER_02': 'Speaker_C', 'SPEAKER_03': 'Speaker_D'}",fusion,399,1717,243,126,41,2086,410,1724,240,122,37,2086,399,13,30
sarvam-saaras-v3@fusion,Jc5AVwg2cZM__153_214,Devanagari,164,163,0.38414634146341464,0.3902439024390244,0.38414634146341464,0.0060975609756097615,0.045454545454545456,110,44,10,9,7,154,"{'SPEAKER_01': 'Speaker_A', 'SPEAKER_00': 'Speaker_B', 'SPEAKER_02': 'Speaker_C'}",fusion,63,110,43,11,10,164,64,110,44,10,9,164,63,0,7
sarvam-saaras-v3@fusion,KAtdcDieQMw__57_599,Oriya,1717,1606,0.47815958066394876,0.5002912055911474,0.47815958066394876,0.022131624927198612,0.07395287958115183,974,554,189,78,113,1528,"{'SPEAKER_02': 'Speaker_A', 'SPEAKER_01': 'Speaker_B', 'SPEAKER_00': 'Speaker_C'}",fusion,821,949,566,202,91,1717,859,974,554,189,78,1717,821,37,76
sarvam-saaras-v3@fusion,KPkRi3GM7fs__47_642,Oriya,1733,1703,0.2510098095787651,0.27697634160415463,0.2510098095787651,0.02596653202538951,0.015578190533253445,1332,337,64,34,26,1669,"{'SPEAKER_02': 'Speaker_A', 'SPEAKER_01': 'Speaker_B', 'SPEAKER_00': 'Speaker_C'}",fusion,435,1313,330,90,60,1733,480,1332,337,64,34,1733,435,19,7
sarvam-saaras-v3@fusion,Kdi-ECuOaKg__2_78,Malayalam,89,63,0.4606741573033708,0.5842696629213483,0.4606741573033708,0.1235955056179775,0.1,51,9,29,3,6,60,"{'SPEAKER_02': 'Speaker_B', 'spk5': 'Speaker_D', 'SPEAKER_03': 'Speaker_E', 'SPEAKER_01': 'Speaker_F'}",fusion,41,46,8,35,9,89,52,51,9,29,3,89,41,5,1
sarvam-saaras-v3@fusion,L7xRazDdtgw__19_83,Gujarati,101,82,0.26732673267326734,0.46534653465346537,0.26732673267326734,0.19801980198019803,0.16049382716049382,75,6,20,1,13,81,"{'SPEAKER_00': 'Speaker_A', 'SPEAKER_01': 'Speaker_B'}",fusion,27,65,6,30,11,101,47,75,6,20,1,101,27,12,1
sarvam-saaras-v3@fusion,LBIWBxQ5H1s__90_1020,Malayalam,2313,2321,0.3545179420665802,0.3614353653264159,0.3545179420665802,0.006917423259835687,0.05385329619312906,1660,494,159,167,116,2154,"{'SPEAKER_01': 'Speaker_A', 'SPEAKER_03': 'Speaker_B', 'SPEAKER_02': 'Speaker_C', 'SPEAKER_00': 'Speaker_D'}",fusion,820,1655,488,170,178,2313,836,1660,494,159,167,2313,820,30,86
sarvam-saaras-v3@fusion,LK23jX9tgZM__59_221,Gujarati,548,478,0.28284671532846717,0.31386861313868614,0.28284671532846717,0.031021897810218968,0.06209850107066381,404,63,81,11,29,467,"{'SPEAKER_01': 'Speaker_A', 'SPEAKER_02': 'Speaker_B', 'SPEAKER_00': 'Speaker_C'}",fusion,155,398,58,92,22,548,172,404,63,81,11,548,155,21,8
sarvam-saaras-v3@fusion,LctYmmr9-Vg__0_61,Devanagari,133,133,0.15037593984962405,0.15037593984962405,0.15037593984962405,0.0,0.0,115,16,2,2,0,131,"{'SPEAKER_01': 'Speaker_A', 'SPEAKER_00': 'Speaker_B'}",fusion,20,115,16,2,2,133,20,115,16,2,2,133,20,0,0
sarvam-saaras-v3@fusion,LqQHdo7t5Ps__198_498,Devanagari,677,608,0.17429837518463812,0.17429837518463812,0.17429837518463812,0.0,0.0,566,35,76,7,0,601,"{'SPEAKER_01': 'Speaker_A', 'SPEAKER_02': 'Speaker_B', 'SPEAKER_00': 'Speaker_C'}",fusion,118,566,35,76,7,677,118,566,35,76,7,677,118,0,0
sarvam-saaras-v3@fusion,Md3p6RTanBg__315_426,Bengali,284,274,0.19718309859154928,0.176056338028169,0.19718309859154928,-0.02112676056338028,0.029197080291970802,228,46,10,0,8,274,"{'SPEAKER_00': 'Speaker_A', 'SPEAKER_01': 'Speaker_B', 'SPEAKER_02': 'Speaker_C'}",fusion,56,238,32,14,4,284,50,228,46,10,0,284,56,0,8
sarvam-saaras-v3@fusion,MmtWBUK2DKE__0_310,Devanagari,1083,1067,0.18467220683287167,0.20221606648199447,0.18467220683287167,0.017543859649122806,0.023323615160349854,921,108,54,38,24,1029,"{'SPEAKER_00': 'Speaker_A', 'SPEAKER_01': 'Speaker_B', 'SPEAKER_02': 'Speaker_D', 'SPEAKER_03': 'Speaker_E'}",fusion,200,914,103,66,50,1083,219,921,108,54,38,1083,200,18,6
sarvam-saaras-v3@fusion,NLgHpYyf5bY__313_383,Devanagari,240,228,0.14166666666666666,0.13333333333333333,0.14166666666666666,-0.008333333333333331,0.0,210,14,16,4,0,224,"{'SPEAKER_00': 'Speaker_A', 'SPEAKER_01': 'Speaker_B'}",fusion,34,211,14,15,3,240,32,210,14,16,4,240,34,0,0
sarvam-saaras-v3@fusion,NuhdqCEuIBo__197_540,Gurmukhi,1369,1310,0.15924032140248356,0.16070124178232287,0.15924032140248356,0.0014609203798393033,0.01317829457364341,1171,119,79,20,17,1290,"{'SPEAKER_01': 'Speaker_A', 'SPEAKER_02': 'Speaker_B', 'SPEAKER_00': 'Speaker_C'}",fusion,218,1167,125,77,18,1369,220,1171,119,79,20,1369,218,11,6
sarvam-saaras-v3@fusion,O4_aeGFzZ8A__0_335,Kannada,675,675,0.1837037037037037,0.1837037037037037,0.1837037037037037,0.0,0.0,569,88,18,18,0,657,"{'SPEAKER_01': 'Speaker_A', 'SPEAKER_07': 'Speaker_B', 'SPEAKER_06': 'Speaker_C', 'SPEAKER_03': 'Speaker_D', 'SPEAKER_05': 'Speaker_E', 'SPEAKER_04': 'Speaker_F', 'SPEAKER_02': 'Speaker_G', 'SPEAKER_00': 'Speaker_H'}",fusion,124,569,88,18,18,675,124,569,88,18,18,675,124,0,0
sarvam-saaras-v3@fusion,OXUt5KnlUMo__91_181,Oriya,242,223,0.40082644628099173,0.39669421487603307,0.40082644628099173,-0.004132231404958664,0.0,147,74,21,2,0,221,"{'SPEAKER_01': 'Speaker_A', 'SPEAKER_00': 'Speaker_B'}",fusion,97,147,75,20,1,242,96,147,74,21,2,242,97,0,0
sarvam-saaras-v3@fusion,OxYCBQKZ3iY__0_1822,Gurmukhi,5524,5774,0.3602461984069515,0.4212527154236061,0.3602461984069515,0.061006517016654604,0.07850287907869481,4098,1112,314,564,409,5210,"{'SPEAKER_01': 'Speaker_A', 'SPEAKER_02': 'Speaker_B', 'SPEAKER_03': 'Speaker_C', 'SPEAKER_04': 'Speaker_D', 'SPEAKER_00': 'Speaker_E', 'SPEAKER_06': 'Speaker_F', 'SPEAKER_05': 'Speaker_G'}",fusion,1990,3920,1131,473,723,5524,2327,4098,1112,314,564,5524,1990,251,158
sarvam-saaras-v3@fusion,PCUA2q2C-2A__45_107,Devanagari,148,150,0.1891891891891892,0.1891891891891892,0.1891891891891892,0.0,0.0,126,18,4,6,0,144,"{'SPEAKER_01': 'Speaker_A', 'SPEAKER_02': 'Speaker_B', 'SPEAKER_00': 'Speaker_C'}",fusion,28,126,18,4,6,148,28,126,18,4,6,148,28,0,0
sarvam-saaras-v3@fusion,PEDfT9-Yf2o__0_469,Bengali,1014,1006,0.09270216962524655,0.14102564102564102,0.09270216962524655,0.048323471400394474,0.03125,934,58,22,14,31,992,"{'SPEAKER_00': 'Speaker_A', 'SPEAKER_01': 'Speaker_B', 'SPEAKER_02': 'Speaker_C'}",fusion,94,907,63,44,36,1014,143,934,58,22,14,1014,94,27,4
sarvam-saaras-v3@fusion,PQB3-4sZUeY__0_1132,Telugu,3018,2916,0.6815772034459907,0.7700463883366467,0.6815772034459907,0.08846918489065603,0.2905832747716093,1031,1815,172,70,827,2846,"{'SPEAKER_03': 'Speaker_A', 'SPEAKER_00': 'Speaker_B', 'SPEAKER_01': 'Speaker_C', 'SPEAKER_02': 'Speaker_D'}",fusion,2057,896,1818,304,202,3018,2324,1031,1815,172,70,3018,2057,163,664
sarvam-saaras-v3@fusion,PRAzUz0GANs__223_283,Kannada,190,169,0.28421052631578947,0.28421052631578947,0.28421052631578947,0.0,0.018404907975460124,142,21,27,6,3,163,"{'SPEAKER_00': 'Speaker_A', 'SPEAKER_01': 'Speaker_B'}",fusion,54,142,21,27,6,190,54,142,21,27,6,190,54,1,2
sarvam-saaras-v3@fusion,PSIzXy5-y2E__2_918,Devanagari,2395,2370,0.230062630480167,0.23048016701461377,0.230062630480167,0.00041753653444676075,0.03638754932047348,1933,348,114,89,83,2281,"{'SPEAKER_02': 'Speaker_A', 'SPEAKER_01': 'Speaker_B', 'SPEAKER_00': 'Speaker_C'}",fusion,551,1947,319,129,104,2395,552,1933,348,114,89,2395,551,20,63
sarvam-saaras-v3@fusion,PVDfS7lcJHY__0_360,Kannada,1024,996,0.3759765625,0.4228515625,0.3759765625,0.046875,0.08110992529348986,698,239,87,59,76,937,"{'SPEAKER_00': 'Speaker_A', 'SPEAKER_02': 'Speaker_B', 'SPEAKER_03': 'Speaker_C', 'SPEAKER_05': 'Speaker_D', 'SPEAKER_04': 'Speaker_E', 'SPEAKER_01': 'Speaker_F'}",fusion,385,660,267,97,69,1024,433,698,239,87,59,1024,385,50,26
sarvam-saaras-v3@fusion,Pjre5dpnKGA__0_330,Kannada,747,774,0.3493975903614458,0.4364123159303882,0.3493975903614458,0.08701472556894241,0.11576011157601115,543,174,30,57,83,717,"{'SPEAKER_00': 'Speaker_A', 'SPEAKER_02': 'Speaker_B', 'SPEAKER_01': 'Speaker_D'}",fusion,261,508,179,60,87,747,326,543,174,30,57,747,261,36,47
sarvam-saaras-v3@fusion,QhpjuNTZoA8__0_586,Kannada,1534,1483,0.21903520208604954,0.6642764015645372,0.21903520208604954,0.4452411994784876,0.2580195258019526,1247,187,100,49,370,1434,"{'SPEAKER_01': 'Speaker_B', 'SPEAKER_00': 'Speaker_C'}",fusion,336,914,170,450,399,1534,1019,1247,187,100,49,1534,336,340,30
sarvam-saaras-v3@fusion,QuA_B6IZ6Ls__61_1863,Devanagari,6629,6862,0.17619550460099562,0.1829838588022326,0.17619550460099562,0.006788354201236996,0.024107701941139637,5935,453,241,474,154,6388,"{'SPEAKER_01': 'Speaker_A', 'SPEAKER_02': 'Speaker_B', 'SPEAKER_03': 'Speaker_C', 'SPEAKER_00': 'Speaker_D'}",fusion,1168,5917,444,268,501,6629,1213,5935,453,241,474,6629,1168,73,81
sarvam-saaras-v3@fusion,RL2fhIEEbZg__0_65,Telugu,159,160,0.2138364779874214,0.2138364779874214,0.2138364779874214,0.0,0.019736842105263157,133,19,7,8,3,152,"{'SPEAKER_00': 'Speaker_A', 'SPEAKER_01': 'Speaker_C'}",fusion,34,133,19,7,8,159,34,133,19,7,8,159,34,2,1
sarvam-saaras-v3@fusion,RL2fhIEEbZg__66_1034,Telugu,2524,2490,0.241283676703645,0.2393026941362916,0.241283676703645,-0.0019809825673534065,0.02476910159529807,2023,359,142,108,59,2382,"{'SPEAKER_02': 'Speaker_A', 'SPEAKER_00': 'Speaker_B', 'SPEAKER_01': 'Speaker_C'}",fusion,609,2019,372,133,99,2524,604,2023,359,142,108,2524,609,24,35
sarvam-saaras-v3@fusion,RWTmftezCwI__0_60,Malayalam,109,113,0.3577981651376147,0.5596330275229358,0.3577981651376147,0.20183486238532106,0.12380952380952381,78,27,4,8,13,105,"{'SPEAKER_01': 'Speaker_A', 'SPEAKER_02': 'Speaker_B'}",fusion,39,68,25,16,20,109,61,78,27,4,8,109,39,10,3
sarvam-saaras-v3@fusion,RZUZyvRzi80__0_336,Gurmukhi,1083,1041,0.16620498614958448,0.16620498614958448,0.16620498614958448,0.0,0.0,925,94,64,22,0,1019,"{'SPEAKER_00': 'Speaker_A', 'SPEAKER_02': 'Speaker_B', 'SPEAKER_03': 'Speaker_C', 'SPEAKER_01': 'Speaker_D'}",fusion,180,925,94,64,22,1083,180,925,94,64,22,1083,180,0,0
sarvam-saaras-v3@fusion,SZ7ay4OjfAE__0_897,Telugu,2103,2055,0.47979077508321444,0.5663338088445078,0.47979077508321444,0.08654303376129335,0.19736842105263158,1249,651,203,155,375,1900,"{'SPEAKER_01': 'Speaker_A', 'SPEAKER_00': 'Speaker_B', 'SPEAKER_04': 'Speaker_C', 'SPEAKER_02': 'Speaker_D', 'SPEAKER_03': 'Speaker_E'}",fusion,1009,1155,657,291,243,2103,1191,1249,651,203,155,2103,1009,139,236
sarvam-saaras-v3@fusion,T3I2T-cfhG4__160_210,Devanagari,116,112,0.07758620689655173,0.07758620689655173,0.07758620689655173,0.0,0.0,109,1,6,2,0,110,"{'SPEAKER_00': 'Speaker_A', 'SPEAKER_01': 'Speaker_B'}",fusion,9,109,1,6,2,116,9,109,1,6,2,116,9,0,0
sarvam-saaras-v3@fusion,TU3M6wSQV_g__99_171,Telugu,216,207,0.3055555555555556,0.2824074074074074,0.3055555555555556,-0.023148148148148195,0.0,160,37,19,10,0,197,"{'SPEAKER_00': 'Speaker_A', 'SPEAKER_01': 'Speaker_B'}",fusion,66,162,38,16,7,216,61,160,37,19,10,216,66,0,0
sarvam-saaras-v3@fusion,Tlha36rSd5o__240_374,Tamil,301,316,0.2591362126245847,0.2591362126245847,0.2591362126245847,0.0,0.0,246,47,8,23,0,293,"{'SPEAKER_00': 'Speaker_A', 'SPEAKER_01': 'Speaker_B'}",fusion,78,246,47,8,23,301,78,246,47,8,23,301,78,0,0
sarvam-saaras-v3@fusion,TrPnW5kLAyQ__93_513,Devanagari,1065,1022,0.26291079812206575,0.26103286384976526,0.26291079812206575,-0.0018779342723004855,0.025303643724696356,819,169,77,34,25,988,"{'SPEAKER_01': 'Speaker_A', 'SPEAKER_00': 'Speaker_B', 'SPEAKER_03': 'Speaker_C', 'SPEAKER_02': 'Speaker_D'}",fusion,280,819,171,75,32,1065,278,819,169,77,34,1065,280,9,16
sarvam-saaras-v3@fusion,U_EHjxThUgc__181_289,Bengali,293,295,0.17406143344709898,0.22184300341296928,0.17406143344709898,0.047781569965870296,0.05357142857142857,257,23,13,15,15,280,"{'SPEAKER_01': 'Speaker_A', 'SPEAKER_02': 'Speaker_B', 'SPEAKER_00': 'Speaker_C'}",fusion,51,249,25,19,21,293,65,257,23,13,15,293,51,13,2
sarvam-saaras-v3@fusion,VHlIFsHPWbk__23_470,Oriya,1295,1257,0.23011583011583012,0.25637065637065637,0.23011583011583012,0.026254826254826252,0.03173311635475997,1025,204,66,28,39,1229,"{'SPEAKER_00': 'Speaker_A', 'SPEAKER_03': 'Speaker_B', 'SPEAKER_01': 'Speaker_C', 'SPEAKER_02': 'Speaker_D'}",fusion,298,997,226,72,34,1295,332,1025,204,66,28,1295,298,28,11
sarvam-saaras-v3@fusion,VKY0uuZ6Om8__575_935,Devanagari,1055,953,0.32037914691943126,0.32037914691943126,0.32037914691943126,0.0,0.06702702702702702,745,180,130,28,62,925,"{'SPEAKER_00': 'Speaker_A', 'SPEAKER_02': 'Speaker_B', 'SPEAKER_01': 'Speaker_C'}",fusion,338,743,184,128,26,1055,338,745,180,130,28,1055,338,15,47
sarvam-saaras-v3@fusion,VY_4x1scS-Y__13_121,Tamil,315,306,0.30158730158730157,0.35555555555555557,0.30158730158730157,0.053968253968254,0.07482993197278912,232,62,21,12,22,294,"{'SPEAKER_01': 'Speaker_A', 'SPEAKER_03': 'Speaker_B', 'SPEAKER_02': 'Speaker_C', 'SPEAKER_00': 'Speaker_D'}",fusion,95,226,57,32,23,315,112,232,62,21,12,315,95,9,13
sarvam-saaras-v3@reverb-v2,0AEEA8NyVwY__11_609,Devanagari,1303,1218,0.20951650038372985,0.21488871834228704,0.20951650038372985,0.0053722179585571905,0.008361204013377926,1052,144,107,22,10,1196,"{'SPEAKER_01': 'Speaker_A', 'SPEAKER_02': 'Speaker_B', 'SPEAKER_00': 'Speaker_C'}",reverb-v2,273,1049,143,111,26,1303,280,1052,144,107,22,1303,273,3,7
sarvam-saaras-v3@reverb-v2,0SoItGfM_sY__7_88,Kannada,165,167,0.14545454545454545,0.47878787878787876,0.14545454545454545,0.3333333333333333,0.19631901840490798,145,18,2,4,32,163,"{'SPEAKER_02': 'Speaker_A', 'SPEAKER_01': 'Speaker_D', 'SPEAKER_00': 'Speaker_E'}",reverb-v2,24,122,9,34,36,165,79,145,18,2,4,165,24,23,9
sarvam-saaras-v3@reverb-v2,0VEwL9XZ0LY__261_557,Devanagari,868,821,0.2569124423963134,0.2891705069124424,0.2569124423963134,0.032258064516129004,0.03366583541147132,664,138,66,19,27,802,"{'SPEAKER_00': 'Speaker_A', 'SPEAKER_01': 'Speaker_B'}",reverb-v2,223,648,142,78,31,868,251,664,138,66,19,868,223,18,9
sarvam-saaras-v3@reverb-v2,0esIFSOAcFs__0_913,Gujarati,2697,2636,0.17982944011865035,0.20133481646273638,0.17982944011865035,0.02150537634408603,0.016731517509727626,2278,292,127,66,43,2570,"{'SPEAKER_02': 'Speaker_A', 'SPEAKER_00': 'Speaker_B', 'SPEAKER_01': 'Speaker_C'}",reverb-v2,485,2248,294,155,94,2697,543,2278,292,127,66,2697,485,33,10
sarvam-saaras-v3@reverb-v2,0p6cktLGIfY__12_930,Gujarati,2532,2497,0.22946287519747235,0.3135860979462875,0.22946287519747235,0.08412322274881515,0.07252382925818483,2035,378,119,84,175,2413,"{'SPEAKER_00': 'Speaker_A', 'SPEAKER_01': 'Speaker_B', 'SPEAKER_03': 'Speaker_C', 'SPEAKER_02': 'Speaker_E'}",reverb-v2,581,1914,407,211,176,2532,794,2035,378,119,84,2532,581,141,34
sarvam-saaras-v3@reverb-v2,13VBh0Z6QmE__0_904,Tamil,2396,2353,0.2141068447412354,0.31803005008347246,0.2141068447412354,0.10392320534223706,0.09237472766884532,1941,354,101,58,212,2295,"{'SPEAKER_00': 'Speaker_A', 'SPEAKER_03': 'Speaker_B', 'SPEAKER_01': 'Speaker_C', 'SPEAKER_02': 'Speaker_D'}",reverb-v2,513,1820,347,229,186,2396,762,1941,354,101,58,2396,513,139,73
sarvam-saaras-v3@reverb-v2,1LFl5JEipII__0_597,Bengali,1554,1518,0.333976833976834,0.5791505791505791,0.333976833976834,0.24517374517374513,0.1943859649122807,1128,297,129,93,277,1425,"{'SPEAKER_00': 'Speaker_B', 'SPEAKER_01': 'Speaker_C', 'SPEAKER_02': 'Speaker_D', 'SPEAKER_03': 'Speaker_E'}",reverb-v2,519,917,338,299,263,1554,900,1128,297,129,93,1554,519,194,83
sarvam-saaras-v3@reverb-v2,2HGP34TNvjg__84_194,Oriya,290,288,0.25517241379310346,0.33448275862068966,0.25517241379310346,0.0793103448275862,0.07194244604316546,226,52,12,10,20,278,"{'SPEAKER_00': 'Speaker_A', 'SPEAKER_01': 'Speaker_B'}",reverb-v2,74,216,49,25,23,290,97,226,52,12,10,290,74,11,9
sarvam-saaras-v3@reverb-v2,2LN6vb7EBn0__98_394,Tamil,727,712,0.23383768913342504,0.4140302613480055,0.23383768913342504,0.1801925722145805,0.11047345767575323,572,125,30,15,77,697,"{'SPEAKER_01': 'Speaker_A', 'SPEAKER_00': 'Speaker_B', 'SPEAKER_02': 'Speaker_C'}",reverb-v2,170,509,120,98,83,727,301,572,125,30,15,727,170,61,16
sarvam-saaras-v3@reverb-v2,2T4pjueLrsk__677_1290,Gujarati,2286,1716,0.5118110236220472,0.6329833770778652,0.5118110236220472,0.121172353455818,0.1658711217183771,1156,520,610,40,278,1676,"{'SPEAKER_02': 'Speaker_A', 'SPEAKER_00': 'Speaker_B', 'SPEAKER_01': 'Speaker_C'}",reverb-v2,1170,984,587,715,145,2286,1447,1156,520,610,40,2286,1170,169,109
sarvam-saaras-v3@reverb-v2,2gGHQgj9yno__0_99,Gujarati,282,261,0.2695035460992908,0.33687943262411346,0.2695035460992908,0.06737588652482268,0.09727626459143969,210,47,25,4,25,257,"{'SPEAKER_01': 'Speaker_A', 'SPEAKER_00': 'Speaker_B'}",reverb-v2,76,203,42,37,16,282,95,210,47,25,4,282,76,11,14
sarvam-saaras-v3@reverb-v2,2iMXYxBTwbM__339_401,Devanagari,187,185,0.34759358288770054,0.37433155080213903,0.34759358288770054,0.0267379679144385,0.09883720930232558,135,37,15,13,17,172,"{'SPEAKER_01': 'Speaker_A', 'SPEAKER_00': 'Speaker_C'}",reverb-v2,65,135,32,20,18,187,70,135,37,15,13,187,65,6,11
sarvam-saaras-v3@reverb-v2,37dND_0r6S8__60_222,Tamil,520,489,0.26153846153846155,0.3730769230769231,0.26153846153846155,0.11153846153846153,0.08333333333333333,393,87,40,9,40,480,"{'SPEAKER_01': 'Speaker_A', 'SPEAKER_00': 'Speaker_B'}",reverb-v2,136,368,79,73,42,520,194,393,87,40,9,520,136,26,14
sarvam-saaras-v3@reverb-v2,4Qg2jWP6_T0__136_202,Gurmukhi,266,228,0.40225563909774437,1.1541353383458646,0.40225563909774437,0.7518796992481203,0.5373831775700935,173,41,52,14,115,214,{'SPEAKER_00': 'Speaker_C'},reverb-v2,107,83,21,162,124,266,307,173,41,52,14,266,107,89,26
sarvam-saaras-v3@reverb-v2,6-726qTlYeg__102_162,Malayalam,200,186,0.43,0.545,0.43,0.11500000000000005,0.13872832369942195,127,46,27,13,24,173,"{'SPEAKER_01': 'Speaker_A', 'SPEAKER_00': 'Speaker_B'}",reverb-v2,86,117,43,40,26,200,109,127,46,27,13,200,86,12,12
sarvam-saaras-v3@reverb-v2,6ZeRgvDHwcI__6_100,Gujarati,189,196,0.164021164021164,0.20634920634920634,0.164021164021164,0.042328042328042326,0.03208556149732621,167,20,2,9,6,187,"{'SPEAKER_01': 'Speaker_A', 'SPEAKER_00': 'Speaker_B'}",reverb-v2,31,164,18,7,14,189,39,167,20,2,9,189,31,5,1
sarvam-saaras-v3@reverb-v2,6f6TLzlP8Wk__82_144,Gurmukhi,236,222,0.3008474576271186,0.6864406779661016,0.3008474576271186,0.385593220338983,0.2863849765258216,174,39,23,9,61,213,"{'SPEAKER_00': 'Speaker_A', 'SPEAKER_02': 'Speaker_B'}",reverb-v2,71,137,22,77,63,236,162,174,39,23,9,236,71,38,23
sarvam-saaras-v3@reverb-v2,7L4gi7Ncc0s__90_148,Malayalam,120,108,0.26666666666666666,0.26666666666666666,0.26666666666666666,0.0,0.0,92,12,16,4,0,104,"{'SPEAKER_01': 'Speaker_A', 'SPEAKER_00': 'Speaker_B'}",reverb-v2,32,92,12,16,4,120,32,92,12,16,4,120,32,0,0
sarvam-saaras-v3@reverb-v2,7WhVNRHbjIY__91_1089,Tamil,2491,2513,0.20594138900040143,0.24448012846246486,0.20594138900040143,0.03853873946206343,0.025925925925925925,2061,369,61,83,63,2430,"{'SPEAKER_01': 'Speaker_A', 'SPEAKER_04': 'Speaker_B', 'SPEAKER_03': 'Speaker_C', 'SPEAKER_02': 'Speaker_D', 'SPEAKER_00': 'Speaker_E'}",reverb-v2,513,2019,357,115,137,2491,609,2061,369,61,83,2491,513,42,21
sarvam-saaras-v3@reverb-v2,7YfsQPYY-W0__351_411,Oriya,197,187,0.5126903553299492,1.1116751269035532,0.5126903553299492,0.598984771573604,0.44642857142857145,115,53,29,19,75,168,{'SPEAKER_00': 'Speaker_A'},reverb-v2,101,57,51,89,79,197,219,115,53,29,19,197,101,57,18
sarvam-saaras-v3@reverb-v2,7c9ePKgqams__299_869,Telugu,1530,1461,0.27647058823529413,0.469281045751634,0.27647058823529413,0.19281045751633985,0.13572433192686356,1146,276,108,39,193,1422,"{'SPEAKER_01': 'Speaker_B', 'SPEAKER_02': 'Speaker_C', 'SPEAKER_00': 'Speaker_D'}",reverb-v2,423,997,279,254,185,1530,718,1146,276,108,39,1530,423,157,36
sarvam-saaras-v3@reverb-v2,7k-xDqNjESc__73_981,Malayalam,2159,2069,0.27095877721167205,0.5433070866141733,0.27095877721167205,0.2723483094025012,0.1879396984924623,1653,337,169,79,374,1990,"{'SPEAKER_01': 'Speaker_C', 'SPEAKER_00': 'Speaker_D'}",reverb-v2,585,1368,319,472,382,2159,1173,1653,337,169,79,2159,585,295,79
sarvam-saaras-v3@reverb-v2,83gP2vLH7UY__255_2005,Devanagari,5799,4723,0.30367304707708226,0.3490256940851871,0.30367304707708226,0.04535264700810482,0.0918918918918919,4136,489,1174,98,425,4625,"{'SPEAKER_02': 'Speaker_A', 'SPEAKER_00': 'Speaker_B', 'SPEAKER_04': 'Speaker_C', 'SPEAKER_03': 'Speaker_D', 'SPEAKER_01': 'Speaker_E'}",reverb-v2,1761,3991,516,1292,216,5799,2024,4136,489,1174,98,5799,1761,287,138
sarvam-saaras-v3@reverb-v2,86mMTUeDiR8__181_1079,Bengali,2267,2170,0.2439347154830172,1.0520511689457432,0.2439347154830172,0.8081164534627261,0.5087885985748218,1779,326,162,65,1071,2105,"{'SPEAKER_00': 'Speaker_A', 'SPEAKER_01': 'Speaker_B'}",reverb-v2,553,897,258,1112,1015,2267,2385,1779,326,162,65,2267,553,881,190
sarvam-saaras-v3@reverb-v2,87Zbup3ohcw__106_445,Tamil,741,730,0.15654520917678813,0.2496626180836707,0.15654520917678813,0.09311740890688258,0.0584958217270195,637,81,23,12,42,718,"{'SPEAKER_01': 'Speaker_B', 'SPEAKER_02': 'Speaker_C', 'SPEAKER_00': 'Speaker_D'}",reverb-v2,116,606,74,61,50,741,185,637,81,23,12,741,116,34,8
sarvam-saaras-v3@reverb-v2,8Ve4SWhlrrA__0_70,Oriya,133,131,0.23308270676691728,0.2932330827067669,0.23308270676691728,0.06015037593984962,0.031496062992125984,106,21,6,4,4,127,{'SPEAKER_00': 'Speaker_A'},reverb-v2,31,102,21,10,8,133,39,106,21,6,4,133,31,4,0
sarvam-saaras-v3@reverb-v2,8mvORuRHw2U__0_1197,Gujarati,3425,3414,0.20525547445255474,0.22744525547445255,0.20525547445255474,0.02218978102189781,0.0315203955500618,2900,336,189,178,102,3236,"{'SPEAKER_03': 'Speaker_A', 'SPEAKER_01': 'Speaker_B', 'SPEAKER_00': 'Speaker_C', 'SPEAKER_02': 'Speaker_D'}",reverb-v2,703,2844,372,209,198,3425,779,2900,336,189,178,3425,703,63,39
sarvam-saaras-v3@reverb-v2,8o7jKmq6HsM__30_1770,Devanagari,4454,4224,0.2541535698248765,0.2633587786259542,0.2541535698248765,0.009205208801077669,0.01024390243902439,3446,654,354,124,42,4100,"{'SPEAKER_01': 'Speaker_A', 'SPEAKER_03': 'Speaker_B', 'SPEAKER_04': 'Speaker_C', 'SPEAKER_02': 'Speaker_D', 'SPEAKER_05': 'Speaker_E', 'SPEAKER_00': 'Speaker_F'}",reverb-v2,1132,3431,643,380,150,4454,1173,3446,654,354,124,4454,1132,15,27
sarvam-saaras-v3@reverb-v2,8pkp-lpMJP0__326_926,Telugu,1482,1341,0.4224021592442645,0.6632928475033738,0.4224021592442645,0.2408906882591093,0.24610591900311526,913,371,198,57,316,1284,"{'SPEAKER_00': 'Speaker_A', 'SPEAKER_01': 'Speaker_D', 'SPEAKER_02': 'Speaker_E', 'SPEAKER_03': 'Speaker_H'}",reverb-v2,626,744,352,386,245,1482,983,913,371,198,57,1482,626,174,142
sarvam-saaras-v3@reverb-v2,8r2Nltl0W4o__259_320,Gurmukhi,253,200,0.32806324110671936,0.4189723320158103,0.32806324110671936,0.09090909090909094,0.1065989847715736,173,24,56,3,21,197,{'SPEAKER_00': 'Speaker_A'},reverb-v2,83,151,45,57,4,253,106,173,24,56,3,253,83,19,2
sarvam-saaras-v3@reverb-v2,90uAd6xpTPo__16_408,Devanagari,1212,1217,0.08828382838283828,0.09653465346534654,0.08828382838283828,0.008250825082508254,0.010933557611438183,1133,56,23,28,13,1189,"{'SPEAKER_03': 'Speaker_A', 'SPEAKER_02': 'Speaker_B', 'SPEAKER_01': 'Speaker_C', 'SPEAKER_00': 'Speaker_D'}",reverb-v2,107,1129,54,29,34,1212,117,1133,56,23,28,1212,107,10,3
sarvam-saaras-v3@reverb-v2,9Aw8kg8w5Xo__0_83,Telugu,199,203,0.19095477386934673,0.22110552763819097,0.19095477386934673,0.03015075376884424,0.046632124352331605,171,22,6,10,9,193,"{'SPEAKER_00': 'Speaker_A', 'SPEAKER_01': 'Speaker_C'}",reverb-v2,38,166,26,7,11,199,44,171,22,6,10,199,38,6,3
sarvam-saaras-v3@reverb-v2,9_GMxc_JjyI__236_368,Kannada,361,350,0.21052631578947367,0.3296398891966759,0.21052631578947367,0.11911357340720224,0.07761194029850746,300,35,26,15,26,335,{'SPEAKER_00': 'Speaker_B'},reverb-v2,76,279,34,48,37,361,119,300,35,26,15,361,76,21,5
sarvam-saaras-v3@reverb-v2,ARCKJrGkITw__14_496,Telugu,1375,1271,0.26981818181818185,0.40145454545454545,0.26981818181818185,0.1316363636363636,0.10355987055016182,1039,197,139,35,128,1236,"{'SPEAKER_02': 'Speaker_A', 'SPEAKER_00': 'Speaker_B', 'SPEAKER_01': 'Speaker_C'}",reverb-v2,371,955,184,236,132,1375,552,1039,197,139,35,1375,371,100,28
sarvam-saaras-v3@reverb-v2,ARZl7LT0UC0__73_130,Telugu,150,157,0.26666666666666666,0.49333333333333335,0.26666666666666666,0.22666666666666668,0.23943661971830985,125,17,8,15,34,142,"{'SPEAKER_00': 'Speaker_A', 'SPEAKER_01': 'Speaker_B', 'SPEAKER_02': 'Speaker_C'}",reverb-v2,40,105,23,22,29,150,74,125,17,8,15,150,40,24,10
sarvam-saaras-v3@reverb-v2,A_dohDOK6Ic__0_600,Devanagari,1829,1830,0.1082558775287042,0.1202843083652269,0.1082558775287042,0.012028430836522691,0.008913649025069638,1666,129,34,35,16,1795,"{'SPEAKER_02': 'Speaker_A', 'SPEAKER_00': 'Speaker_B', 'SPEAKER_01': 'Speaker_C'}",reverb-v2,198,1655,129,45,46,1829,220,1666,129,34,35,1829,198,12,4
sarvam-saaras-v3@reverb-v2,B2ScTgeIIck__117_180,Oriya,174,145,0.3160919540229885,0.367816091954023,0.3160919540229885,0.051724137931034475,0.07092198581560284,123,18,33,4,10,141,"{'SPEAKER_01': 'Speaker_A', 'SPEAKER_00': 'Speaker_B'}",reverb-v2,55,116,23,35,6,174,64,123,18,33,4,174,55,6,4
sarvam-saaras-v3@reverb-v2,BGAAfht5dYw__0_612,Gujarati,2067,1962,0.2897919690372521,0.4455732946298984,0.2897919690372521,0.15578132559264635,0.16151022548505506,1523,384,160,55,308,1907,"{'SPEAKER_02': 'Speaker_A', 'SPEAKER_03': 'Speaker_B', 'SPEAKER_01': 'Speaker_C', 'SPEAKER_00': 'Speaker_D'}",reverb-v2,599,1332,444,291,186,2067,921,1523,384,160,55,2067,599,198,110
sarvam-saaras-v3@reverb-v2,BYLcUGNB_zM__20_1387,Kannada,3270,3341,0.25902140672782875,0.28103975535168196,0.25902140672782875,0.022018348623853212,0.01977401129943503,2578,608,84,155,63,3186,"{'SPEAKER_05': 'Speaker_A', 'SPEAKER_01': 'Speaker_B', 'SPEAKER_02': 'Speaker_C', 'SPEAKER_03': 'Speaker_D'}",reverb-v2,847,2539,614,117,188,3270,919,2578,608,84,155,3270,847,41,22
sarvam-saaras-v3@reverb-v2,Bngfppo1QtA__28_927,Telugu,2344,2327,0.3967576791808874,0.515358361774744,0.3967576791808874,0.11860068259385664,0.1510051425899953,1602,537,205,188,323,2139,"{'SPEAKER_01': 'Speaker_A', 'SPEAKER_03': 'Speaker_B', 'SPEAKER_02': 'Speaker_C', 'SPEAKER_00': 'Speaker_D', 'SPEAKER_04': 'Speaker_E'}",reverb-v2,930,1408,647,289,272,2344,1208,1602,537,205,188,2344,930,178,145
sarvam-saaras-v3@reverb-v2,CO_8ppdzq9U__0_695,Tamil,1592,1643,0.3655778894472362,0.42273869346733667,0.3655778894472362,0.057160804020100486,0.07283464566929133,1129,395,68,119,111,1524,"{'SPEAKER_00': 'Speaker_A', 'SPEAKER_01': 'Speaker_B', 'SPEAKER_02': 'Speaker_C', 'SPEAKER_03': 'Speaker_D'}",reverb-v2,582,1071,420,101,152,1592,673,1129,395,68,119,1592,582,64,47
sarvam-saaras-v3@reverb-v2,Cku_X_SL7qU__60_660,Gujarati,1774,1610,0.617249154453213,0.7401352874859075,0.617249154453213,0.12288613303269447,0.289490245437382,700,889,185,21,460,1589,"{'SPEAKER_01': 'Speaker_A', 'SPEAKER_00': 'Speaker_B', 'SPEAKER_02': 'Speaker_C'}",reverb-v2,1095,604,863,307,143,1774,1313,700,889,185,21,1774,1095,112,348
sarvam-saaras-v3@reverb-v2,DPmew0didIM__191_512,Telugu,748,766,0.2807486631016043,0.4959893048128342,0.2807486631016043,0.21524064171122992,0.17069701280227595,601,102,45,63,120,703,"{'SPEAKER_01': 'Speaker_A', 'SPEAKER_00': 'Speaker_B', 'SPEAKER_02': 'Speaker_C', 'SPEAKER_04': 'Speaker_D', 'SPEAKER_03': 'Speaker_E'}",reverb-v2,210,493,157,98,116,748,371,601,102,45,63,748,210,99,21
sarvam-saaras-v3@reverb-v2,EmsKkNN2Me4__35_95,Malayalam,166,154,0.5903614457831325,0.7891566265060241,0.5903614457831325,0.1987951807228916,0.22377622377622378,79,64,23,11,32,143,"{'SPEAKER_01': 'Speaker_A', 'SPEAKER_02': 'Speaker_B'}",reverb-v2,98,62,65,39,27,166,131,79,64,23,11,166,98,12,20
sarvam-saaras-v3@reverb-v2,ExGJodnzocM__212_527,Devanagari,1161,1175,0.1335055986218777,0.2954349698535745,0.1335055986218777,0.1619293712316968,0.10218340611353711,1036,109,16,30,117,1145,"{'SPEAKER_03': 'Speaker_A', 'SPEAKER_00': 'Speaker_B', 'SPEAKER_01': 'Speaker_C', 'SPEAKER_02': 'Speaker_D'}",reverb-v2,155,929,135,97,111,1161,343,1036,109,16,30,1161,155,103,14
sarvam-saaras-v3@reverb-v2,F2uXav-wriA__0_907,Devanagari,2765,2746,0.1240506329113924,0.2864376130198915,0.1240506329113924,0.1623869801084991,0.09413522599925289,2491,186,88,69,252,2677,"{'SPEAKER_01': 'Speaker_A', 'SPEAKER_03': 'Speaker_B', 'SPEAKER_00': 'Speaker_C', 'SPEAKER_02': 'Speaker_D'}",reverb-v2,343,2270,179,316,297,2765,792,2491,186,88,69,2765,343,228,24
sarvam-saaras-v3@reverb-v2,FDMf9ApmoNU__16_686,Bengali,1622,1531,0.24106041923551172,0.3711467324290999,0.24106041923551172,0.13008631319358818,0.11808367071524967,1280,202,140,49,175,1482,"{'SPEAKER_02': 'Speaker_A', 'SPEAKER_00': 'Speaker_B', 'SPEAKER_01': 'Speaker_C'}",reverb-v2,391,1164,223,235,144,1622,602,1280,202,140,49,1622,391,126,49
sarvam-saaras-v3@reverb-v2,G6qzg93FxwE__21_116,Gujarati,267,268,0.13857677902621723,0.14606741573033707,0.13857677902621723,0.007490636704119841,0.0038910505836575876,241,16,10,11,1,257,"{'SPEAKER_00': 'Speaker_A', 'SPEAKER_01': 'Speaker_B'}",reverb-v2,37,240,16,11,12,267,39,241,16,10,11,267,37,1,0
sarvam-saaras-v3@reverb-v2,GEc_sS2KWo8__96_290,Gujarati,517,491,0.3617021276595745,0.44680851063829785,0.3617021276595745,0.08510638297872336,0.06289308176100629,344,133,40,14,30,477,"{'SPEAKER_00': 'Speaker_A', 'SPEAKER_01': 'Speaker_C'}",reverb-v2,187,324,129,64,38,517,231,344,133,40,14,517,187,21,9
sarvam-saaras-v3@reverb-v2,GfFLEIAAumk__90_163,Bengali,204,198,0.1568627450980392,0.28921568627450983,0.1568627450980392,0.13235294117647062,0.08762886597938144,176,18,10,4,17,194,"{'SPEAKER_01': 'Speaker_A', 'SPEAKER_00': 'Speaker_B'}",reverb-v2,32,156,31,17,11,204,59,176,18,10,4,204,32,17,0
sarvam-saaras-v3@reverb-v2,Gq45evw6ytY__597_1464,Oriya,2688,2396,0.38244047619047616,0.5279017857142857,0.38244047619047616,0.14546130952380953,0.1447424435930183,1707,642,339,47,340,2349,"{'SPEAKER_02': 'Speaker_A', 'SPEAKER_00': 'Speaker_B', 'SPEAKER_01': 'Speaker_C'}",reverb-v2,1028,1490,685,513,221,2688,1419,1707,642,339,47,2688,1028,232,108
sarvam-saaras-v3@reverb-v2,HZv_WvIr6lE__21_105,Tamil,252,224,0.38095238095238093,0.44047619047619047,0.38095238095238093,0.059523809523809534,0.12612612612612611,158,64,30,2,28,222,"{'SPEAKER_00': 'Speaker_A', 'SPEAKER_01': 'Speaker_B', 'SPEAKER_02': 'Speaker_C'}",reverb-v2,96,152,61,39,11,252,111,158,64,30,2,252,96,9,19
sarvam-saaras-v3@reverb-v2,HpYG46tGyYs__103_998,Devanagari,2564,2632,0.11505460218408736,0.12246489859594384,0.11505460218408736,0.007410296411856476,0.0130074891604257,2364,173,27,95,33,2537,"{'SPEAKER_01': 'Speaker_A', 'SPEAKER_00': 'Speaker_B', 'SPEAKER_03': 'Speaker_C', 'SPEAKER_02': 'Speaker_D'}",reverb-v2,295,2356,170,38,106,2564,314,2364,173,27,95,2564,295,8,25
sarvam-saaras-v3@reverb-v2,IAm1rt-MYcA__4_558,Bengali,1620,1547,0.21604938271604937,0.26296296296296295,0.21604938271604937,0.04691358024691358,0.038943894389438946,1302,213,105,32,59,1515,"{'SPEAKER_02': 'Speaker_A', 'SPEAKER_03': 'Speaker_B', 'SPEAKER_00': 'Speaker_C', 'SPEAKER_01': 'Speaker_D'}",reverb-v2,350,1260,221,139,66,1620,426,1302,213,105,32,1620,350,42,17
sarvam-saaras-v3@reverb-v2,Iare1Emeueg__16_69,Devanagari,139,143,0.17266187050359713,0.7913669064748201,0.17266187050359713,0.618705035971223,0.4632352941176471,122,14,3,7,63,136,"{'SPEAKER_01': 'Speaker_A', 'SPEAKER_02': 'Speaker_B'}",reverb-v2,24,71,30,38,42,139,110,122,14,3,7,139,24,54,9
sarvam-saaras-v3@reverb-v2,IfTL8SSN270__62_671,Devanagari,2214,2122,0.13233965672990064,0.1996386630532972,0.13233965672990064,0.06729900632339655,0.07396733909702209,1961,121,132,40,154,2082,"{'SPEAKER_02': 'Speaker_A', 'SPEAKER_00': 'Speaker_B', 'SPEAKER_01': 'Speaker_C', 'SPEAKER_03': 'Speaker_D'}",reverb-v2,293,1864,166,184,92,2214,442,1961,121,132,40,2214,293,117,37
sarvam-saaras-v3@reverb-v2,Ig6szCD8m20__46_106,Devanagari,184,179,0.19021739130434784,0.2608695652173913,0.19021739130434784,0.07065217391304346,0.05202312138728324,155,18,11,6,9,173,"{'SPEAKER_00': 'Speaker_A', 'SPEAKER_01': 'Speaker_B'}",reverb-v2,35,148,19,17,12,184,48,155,18,11,6,184,35,6,3
sarvam-saaras-v3@reverb-v2,Iqhnt8ENm3U__27_88,Devanagari,177,157,0.519774011299435,0.8587570621468926,0.519774011299435,0.3389830508474576,0.3971631205673759,101,40,36,16,56,141,"{'SPEAKER_01': 'Speaker_A', 'SPEAKER_03': 'Speaker_B', 'SPEAKER_00': 'Speaker_C'}",reverb-v2,92,67,48,62,42,177,152,101,40,36,16,177,92,32,24
sarvam-saaras-v3@reverb-v2,J4-VpEkBzWw__0_600,Kannada,1543,1496,0.2235904082955282,0.26895657809462087,0.2235904082955282,0.045366169799092665,0.0472550382209868,1255,184,104,57,68,1439,"{'SPEAKER_06': 'Speaker_A', 'SPEAKER_05': 'Speaker_B', 'SPEAKER_04': 'Speaker_C', 'SPEAKER_00': 'Speaker_D', 'SPEAKER_03': 'Speaker_E', 'SPEAKER_02': 'Speaker_F', 'SPEAKER_01': 'Speaker_G'}",reverb-v2,345,1205,214,124,77,1543,415,1255,184,104,57,1543,345,44,24
sarvam-saaras-v3@reverb-v2,JBYGLQJwFDc__103_407,Tamil,658,651,0.24924012158054712,0.38753799392097266,0.24924012158054712,0.13829787234042554,0.09697933227344992,516,113,29,22,61,629,"{'SPEAKER_00': 'Speaker_A', 'SPEAKER_01': 'Speaker_B'}",reverb-v2,164,473,108,77,70,658,255,516,113,29,22,658,164,44,17
sarvam-saaras-v3@reverb-v2,JSB1CeS4pP8__0_632,Gurmukhi,2086,1969,0.23777564717162034,0.2550335570469799,0.23777564717162034,0.01725790987535955,0.02072538860103627,1629,301,156,39,40,1930,"{'SPEAKER_03': 'Speaker_A', 'SPEAKER_00': 'Speaker_B', 'SPEAKER_02': 'Speaker_C', 'SPEAKER_01': 'Speaker_D'}",reverb-v2,496,1605,313,168,51,2086,532,1629,301,156,39,2086,496,28,12
sarvam-saaras-v3@reverb-v2,Jc5AVwg2cZM__153_214,Devanagari,164,142,0.3475609756097561,0.5792682926829268,0.3475609756097561,0.23170731707317072,0.21014492753623187,111,27,26,4,29,138,"{'SPEAKER_00': 'Speaker_A', 'SPEAKER_02': 'Speaker_B', 'SPEAKER_01': 'Speaker_C'}",reverb-v2,57,89,33,42,20,164,95,111,27,26,4,164,57,21,8
sarvam-saaras-v3@reverb-v2,KAtdcDieQMw__57_599,Oriya,1717,1543,0.4979615608619686,0.5911473500291206,0.4979615608619686,0.09318578916715198,0.15764546684709066,927,551,239,65,233,1478,"{'SPEAKER_01': 'Speaker_A', 'SPEAKER_02': 'Speaker_B', 'SPEAKER_00': 'Speaker_C'}",reverb-v2,855,842,561,314,140,1717,1015,927,551,239,65,1717,855,93,140
sarvam-saaras-v3@reverb-v2,KPkRi3GM7fs__47_642,Oriya,1733,1692,0.24350836699365264,0.3150605885747259,0.24350836699365264,0.07155222158107327,0.04830917874396135,1347,309,77,36,80,1656,"{'SPEAKER_02': 'Speaker_A', 'SPEAKER_01': 'Speaker_B', 'SPEAKER_00': 'Speaker_C'}",reverb-v2,422,1287,305,141,100,1733,546,1347,309,77,36,1733,422,60,20
sarvam-saaras-v3@reverb-v2,Kdi-ECuOaKg__2_78,Malayalam,89,90,0.21348314606741572,0.7752808988764045,0.21348314606741572,0.5617977528089888,0.3333333333333333,73,14,2,3,29,87,"{'SPEAKER_00': 'Speaker_A', 'SPEAKER_01': 'Speaker_B', 'SPEAKER_02': 'Speaker_C', 'SPEAKER_03': 'Speaker_D', 'SPEAKER_04': 'Speaker_E', 'SPEAKER_05': 'Speaker_F'}",reverb-v2,19,50,10,29,30,89,69,73,14,2,3,89,19,23,6
sarvam-saaras-v3@reverb-v2,L7xRazDdtgw__19_83,Gujarati,101,100,0.1485148514851485,1.0198019801980198,0.1485148514851485,0.8712871287128713,0.4895833333333333,90,6,5,4,47,96,{'SPEAKER_00': 'Speaker_B'},reverb-v2,15,46,6,49,48,101,103,90,6,5,4,101,15,43,4
sarvam-saaras-v3@reverb-v2,LBIWBxQ5H1s__90_1020,Malayalam,2313,2263,0.37137916126242976,0.4232598357111976,0.37137916126242976,0.051880674448767816,0.07829010566762729,1635,447,231,181,163,2082,"{'SPEAKER_02': 'Speaker_A', 'SPEAKER_01': 'Speaker_B', 'SPEAKER_03': 'Speaker_C', 'SPEAKER_00': 'Speaker_D'}",reverb-v2,859,1569,459,285,235,2313,979,1635,447,231,181,2313,859,97,66
sarvam-saaras-v3@reverb-v2,LK23jX9tgZM__59_221,Gujarati,548,470,0.2864963503649635,0.4416058394160584,0.2864963503649635,0.1551094890510949,0.1568627450980392,402,57,89,11,72,459,"{'SPEAKER_00': 'Speaker_A', 'SPEAKER_01': 'Speaker_C'}",reverb-v2,157,362,52,134,56,548,242,402,57,89,11,548,157,54,18
sarvam-saaras-v3@reverb-v2,LctYmmr9-Vg__0_61,Devanagari,133,134,0.15037593984962405,0.15037593984962405,0.15037593984962405,0.0,0.0,116,15,2,3,0,131,"{'SPEAKER_00': 'Speaker_A', 'SPEAKER_01': 'Speaker_B'}",reverb-v2,20,116,15,2,3,133,20,116,15,2,3,133,20,0,0
sarvam-saaras-v3@reverb-v2,LqQHdo7t5Ps__198_498,Devanagari,677,612,0.18906942392909898,0.23929098966026588,0.18906942392909898,0.0502215657311669,0.03482587064676617,558,45,74,9,21,603,"{'SPEAKER_00': 'Speaker_A', 'SPEAKER_02': 'Speaker_B', 'SPEAKER_01': 'Speaker_C'}",reverb-v2,128,541,45,91,26,677,162,558,45,74,9,677,128,16,5
sarvam-saaras-v3@reverb-v2,Md3p6RTanBg__315_426,Bengali,284,269,0.1795774647887324,0.2147887323943662,0.1795774647887324,0.035211267605633784,0.03409090909090909,238,26,20,5,9,264,"{'SPEAKER_01': 'Speaker_A', 'SPEAKER_02': 'Speaker_B', 'SPEAKER_00': 'Speaker_C'}",reverb-v2,51,229,34,21,6,284,61,238,26,20,5,284,51,9,0
sarvam-saaras-v3@reverb-v2,MmtWBUK2DKE__0_310,Devanagari,1083,1058,0.17266851338873498,0.3785780240073869,0.17266851338873498,0.2059095106186519,0.13405088062622308,932,90,61,36,137,1022,"{'SPEAKER_01': 'Speaker_A', 'SPEAKER_00': 'Speaker_B', 'SPEAKER_02': 'Speaker_D', 'SPEAKER_03': 'Speaker_E'}",reverb-v2,187,813,105,165,140,1083,410,932,90,61,36,1083,187,126,11
sarvam-saaras-v3@reverb-v2,NLgHpYyf5bY__313_383,Devanagari,240,229,0.15833333333333333,0.15833333333333333,0.15833333333333333,0.0,0.0,208,15,17,6,0,223,"{'SPEAKER_01': 'Speaker_A', 'SPEAKER_00': 'Speaker_B'}",reverb-v2,38,208,15,17,6,240,38,208,15,17,6,240,38,0,0
sarvam-saaras-v3@reverb-v2,NuhdqCEuIBo__197_540,Gurmukhi,1369,1263,0.1891891891891892,0.3323593864134405,0.1891891891891892,0.14317019722425128,0.11147011308562198,1135,103,131,25,138,1238,"{'SPEAKER_00': 'Speaker_A', 'SPEAKER_01': 'Speaker_B'}",reverb-v2,259,1009,159,201,95,1369,455,1135,103,131,25,1369,259,121,17
sarvam-saaras-v3@reverb-v2,O4_aeGFzZ8A__0_335,Kannada,675,670,0.21185185185185185,0.22518518518518518,0.21185185185185185,0.013333333333333336,0.007763975155279503,558,86,31,26,5,644,"{'SPEAKER_07': 'Speaker_A', 'SPEAKER_01': 'Speaker_B', 'SPEAKER_00': 'Speaker_C', 'SPEAKER_03': 'Speaker_D', 'SPEAKER_04': 'Speaker_E', 'SPEAKER_05': 'Speaker_F', 'SPEAKER_02': 'Speaker_G', 'SPEAKER_06': 'Speaker_H'}",reverb-v2,143,554,85,36,31,675,152,558,86,31,26,675,143,4,1
sarvam-saaras-v3@reverb-v2,OXUt5KnlUMo__91_181,Oriya,242,223,0.4669421487603306,0.5165289256198347,0.4669421487603306,0.04958677685950408,0.045662100456621,133,86,23,4,10,219,"{'SPEAKER_01': 'Speaker_A', 'SPEAKER_00': 'Speaker_B'}",reverb-v2,113,127,86,29,10,242,125,133,86,23,4,242,113,5,5
sarvam-saaras-v3@reverb-v2,OxYCBQKZ3iY__0_1822,Gurmukhi,5524,5584,0.32385952208544533,0.6254525706010138,0.32385952208544533,0.30159304851556845,0.24036412938214216,4156,1007,361,421,1241,5163,"{'SPEAKER_05': 'Speaker_A', 'SPEAKER_04': 'Speaker_C', 'SPEAKER_01': 'Speaker_D', 'SPEAKER_02': 'Speaker_E', 'SPEAKER_03': 'Speaker_F', 'SPEAKER_00': 'Speaker_G'}",reverb-v2,1789,3362,929,1233,1293,5524,3455,4156,1007,361,421,5524,1789,850,391
sarvam-saaras-v3@reverb-v2,PCUA2q2C-2A__45_107,Devanagari,148,149,0.1891891891891892,0.1891891891891892,0.1891891891891892,0.0,0.0,126,17,5,6,0,143,"{'SPEAKER_01': 'Speaker_A', 'SPEAKER_02': 'Speaker_B', 'SPEAKER_00': 'Speaker_C'}",reverb-v2,28,126,17,5,6,148,28,126,17,5,6,148,28,0,0
sarvam-saaras-v3@reverb-v2,PEDfT9-Yf2o__0_469,Bengali,1014,1003,0.10453648915187377,0.16962524654832348,0.10453648915187377,0.0650887573964497,0.048730964467005075,926,59,29,18,48,985,"{'SPEAKER_02': 'Speaker_A', 'SPEAKER_01': 'Speaker_B', 'SPEAKER_00': 'Speaker_C'}",reverb-v2,106,883,79,52,41,1014,172,926,59,29,18,1014,106,42,6
sarvam-saaras-v3@reverb-v2,PQB3-4sZUeY__0_1132,Telugu,3018,2849,0.6043737574552683,0.7597746852220013,0.6043737574552683,0.15540092776673298,0.315450643776824,1247,1549,222,53,882,2796,"{'SPEAKER_02': 'Speaker_A', 'SPEAKER_00': 'Speaker_B', 'SPEAKER_03': 'Speaker_C', 'SPEAKER_01': 'Speaker_D'}",reverb-v2,1824,966,1642,410,241,3018,2293,1247,1549,222,53,3018,1824,281,601
sarvam-saaras-v3@reverb-v2,PRAzUz0GANs__223_283,Kannada,190,156,0.3368421052631579,0.34210526315789475,0.3368421052631579,0.0052631578947368585,0.03355704697986577,133,16,41,7,5,149,"{'SPEAKER_00': 'Speaker_A', 'SPEAKER_01': 'Speaker_B'}",reverb-v2,64,132,17,41,7,190,65,133,16,41,7,190,64,3,2
sarvam-saaras-v3@reverb-v2,PSIzXy5-y2E__2_918,Devanagari,2395,2351,0.2405010438413361,0.29352818371607514,0.2405010438413361,0.05302713987473903,0.04634581105169341,1926,318,151,107,104,2244,"{'SPEAKER_03': 'Speaker_A', 'SPEAKER_02': 'Speaker_B', 'SPEAKER_00': 'Speaker_C'}",reverb-v2,576,1878,287,230,186,2395,703,1926,318,151,107,2395,576,59,45
sarvam-saaras-v3@reverb-v2,PVDfS7lcJHY__0_360,Kannada,1024,969,0.3837890625,0.5859375,0.3837890625,0.2021484375,0.19912472647702406,686,228,110,55,182,914,"{'SPEAKER_03': 'Speaker_A', 'SPEAKER_01': 'Speaker_B', 'SPEAKER_02': 'Speaker_C', 'SPEAKER_04': 'Speaker_D', 'SPEAKER_05': 'Speaker_E', 'SPEAKER_00': 'Speaker_F'}",reverb-v2,393,557,279,188,133,1024,600,686,228,110,55,1024,393,138,44
sarvam-saaras-v3@reverb-v2,Pjre5dpnKGA__0_330,Kannada,747,753,0.3427041499330656,0.4457831325301205,0.3427041499330656,0.10307898259705489,0.11001410437235543,535,174,38,44,78,709,"{'SPEAKER_00': 'Speaker_A', 'SPEAKER_02': 'Speaker_B', 'SPEAKER_01': 'Speaker_D'}",reverb-v2,256,501,165,81,87,747,333,535,174,38,44,747,256,36,42
sarvam-saaras-v3@reverb-v2,QhpjuNTZoA8__0_586,Kannada,1534,1501,0.21577574967405475,0.6857887874837028,0.21577574967405475,0.470013037809648,0.2751212751212751,1261,182,91,58,397,1443,"{'SPEAKER_01': 'Speaker_B', 'SPEAKER_00': 'Speaker_C'}",reverb-v2,331,909,165,460,427,1534,1052,1261,182,91,58,1534,331,361,36
sarvam-saaras-v3@reverb-v2,QuA_B6IZ6Ls__61_1863,Devanagari,6629,6781,0.1829838588022326,0.23261427062905415,0.1829838588022326,0.04963041182682154,0.050333439187043506,5899,399,331,483,317,6298,"{'SPEAKER_02': 'Speaker_A', 'SPEAKER_01': 'Speaker_B', 'SPEAKER_00': 'Speaker_C', 'SPEAKER_03': 'Speaker_D'}",reverb-v2,1213,5696,476,457,609,6629,1542,5899,399,331,483,6629,1213,262,55
sarvam-saaras-v3@reverb-v2,RL2fhIEEbZg__0_65,Telugu,159,157,0.24528301886792453,0.42138364779874216,0.24528301886792453,0.17610062893081763,0.12162162162162163,129,19,11,9,18,148,"{'SPEAKER_00': 'Speaker_A', 'SPEAKER_01': 'Speaker_C'}",reverb-v2,39,113,23,23,21,159,67,129,19,11,9,159,39,16,2
sarvam-saaras-v3@reverb-v2,RL2fhIEEbZg__66_1034,Telugu,2524,2431,0.24524564183835182,0.30863708399366085,0.24524564183835182,0.06339144215530904,0.06791969243912858,1995,346,183,90,159,2341,"{'SPEAKER_00': 'Speaker_A', 'SPEAKER_01': 'Speaker_B', 'SPEAKER_02': 'Speaker_C'}",reverb-v2,619,1904,368,252,159,2524,779,1995,346,183,90,2524,619,107,52
sarvam-saaras-v3@reverb-v2,RWTmftezCwI__0_60,Malayalam,109,114,0.25688073394495414,0.5963302752293578,0.25688073394495414,0.33944954128440363,0.27102803738317754,88,19,2,7,29,107,"{'SPEAKER_02': 'Speaker_A', 'SPEAKER_00': 'Speaker_B'}",reverb-v2,28,69,20,20,25,109,65,88,19,2,7,109,28,19,10
sarvam-saaras-v3@reverb-v2,RZUZyvRzi80__0_336,Gurmukhi,1083,1037,0.15604801477377656,0.15604801477377656,0.15604801477377656,0.0,0.0,935,81,67,21,0,1016,"{'SPEAKER_00': 'Speaker_A', 'SPEAKER_02': 'Speaker_B', 'SPEAKER_03': 'Speaker_C', 'SPEAKER_01': 'Speaker_D'}",reverb-v2,169,935,81,67,21,1083,169,935,81,67,21,1083,169,0,0
sarvam-saaras-v3@reverb-v2,SZ7ay4OjfAE__0_897,Telugu,2103,2057,0.45696623870660963,0.8411792677127913,0.45696623870660963,0.38421302900618165,0.43314105925537494,1292,615,196,150,826,1907,"{'SPEAKER_01': 'Speaker_A', 'SPEAKER_00': 'Speaker_B', 'SPEAKER_02': 'Speaker_D'}",reverb-v2,961,864,663,576,530,2103,1769,1292,615,196,150,2103,961,459,367
sarvam-saaras-v3@reverb-v2,T3I2T-cfhG4__160_210,Devanagari,116,115,0.10344827586206896,0.15517241379310345,0.10344827586206896,0.05172413793103449,0.02727272727272727,109,1,6,5,3,110,"{'SPEAKER_00': 'Speaker_A', 'SPEAKER_01': 'Speaker_B'}",reverb-v2,12,106,1,9,8,116,18,109,1,6,5,116,12,3,0
sarvam-saaras-v3@reverb-v2,TU3M6wSQV_g__99_171,Telugu,216,196,0.2175925925925926,0.39351851851851855,0.2175925925925926,0.17592592592592596,0.10880829015544041,172,21,23,3,21,193,{'SPEAKER_00': 'Speaker_B'},reverb-v2,47,154,19,43,23,216,85,172,21,23,3,216,47,18,3
sarvam-saaras-v3@reverb-v2,Tlha36rSd5o__240_374,Tamil,301,309,0.24584717607973422,0.24584717607973422,0.24584717607973422,0.0,0.0,243,50,8,16,0,293,"{'SPEAKER_00': 'Speaker_A', 'SPEAKER_01': 'Speaker_B'}",reverb-v2,74,243,50,8,16,301,74,243,50,8,16,301,74,0,0
sarvam-saaras-v3@reverb-v2,TrPnW5kLAyQ__93_513,Devanagari,1065,1035,0.26103286384976526,0.3136150234741784,0.26103286384976526,0.05258215962441315,0.059415911379657606,829,164,72,42,59,993,"{'SPEAKER_02': 'Speaker_A', 'SPEAKER_03': 'Speaker_B', 'SPEAKER_01': 'Speaker_C', 'SPEAKER_00': 'Speaker_D'}",reverb-v2,278,793,180,92,62,1065,334,829,164,72,42,1065,278,41,18
sarvam-saaras-v3@reverb-v2,U_EHjxThUgc__181_289,Bengali,293,277,0.17064846416382254,0.22525597269624573,0.17064846416382254,0.05460750853242319,0.047619047619047616,247,26,20,4,13,273,"{'SPEAKER_00': 'Speaker_A', 'SPEAKER_02': 'Speaker_B', 'SPEAKER_01': 'Speaker_C'}",reverb-v2,50,238,28,27,11,293,66,247,26,20,4,293,50,10,3
sarvam-saaras-v3@reverb-v2,VHlIFsHPWbk__23_470,Oriya,1295,1244,0.24633204633204633,0.34285714285714286,0.24633204633204633,0.09652509652509653,0.07230895645028759,1003,214,78,27,88,1217,"{'SPEAKER_00': 'Speaker_A', 'SPEAKER_04': 'Speaker_B', 'SPEAKER_02': 'Speaker_C', 'SPEAKER_03': 'Speaker_D'}",reverb-v2,319,935,225,135,84,1295,444,1003,214,78,27,1295,319,70,18
sarvam-saaras-v3@reverb-v2,VKY0uuZ6Om8__575_935,Devanagari,1055,884,0.3175355450236967,0.3459715639810427,0.3175355450236967,0.028436018957345988,0.06235565819861432,738,128,189,18,54,866,"{'SPEAKER_01': 'Speaker_A', 'SPEAKER_00': 'Speaker_B', 'SPEAKER_02': 'Speaker_C'}",reverb-v2,335,710,154,191,20,1055,365,738,128,189,18,1055,335,33,21
sarvam-saaras-v3@reverb-v2,VY_4x1scS-Y__13_121,Tamil,315,305,0.28888888888888886,0.6571428571428571,0.28888888888888886,0.3682539682539683,0.24742268041237114,238,53,24,14,72,291,"{'SPEAKER_01': 'Speaker_A', 'SPEAKER_02': 'Speaker_C', 'SPEAKER_00': 'Speaker_D'}",reverb-v2,91,190,33,92,82,315,207,238,53,24,14,315,91,50,22
sarvam-saaras-v4@reverb-v2,0AEEA8NyVwY__11_609,Devanagari,1303,1221,0.3683806600153492,0.3737528779739064,0.3683806600153492,0.0053722179585571905,0.005818786367414797,841,362,100,18,7,1203,"{'SPEAKER_01': 'Speaker_A', 'SPEAKER_02': 'Speaker_B', 'SPEAKER_00': 'Speaker_C'}",reverb-v2,480,838,361,104,22,1303,487,841,362,100,18,1303,480,3,4
sarvam-saaras-v4@reverb-v2,0SoItGfM_sY__7_88,Kannada,165,168,0.1393939393939394,0.48484848484848486,0.1393939393939394,0.34545454545454546,0.19631901840490798,147,16,2,5,32,163,"{'SPEAKER_02': 'Speaker_B', 'SPEAKER_01': 'Speaker_D', 'SPEAKER_00': 'Speaker_E'}",reverb-v2,23,122,9,34,37,165,80,147,16,2,5,165,23,25,7
sarvam-saaras-v4@reverb-v2,0VEwL9XZ0LY__261_557,Devanagari,868,823,0.23963133640552994,0.27880184331797236,0.23963133640552994,0.03917050691244242,0.033498759305210915,677,129,62,17,27,806,"{'SPEAKER_00': 'Speaker_A', 'SPEAKER_01': 'Speaker_B'}",reverb-v2,208,655,139,74,29,868,242,677,129,62,17,868,208,21,6
sarvam-saaras-v4@reverb-v2,0esIFSOAcFs__0_913,Gujarati,2697,2640,0.1839080459770115,0.20726733407489803,0.1839080459770115,0.023359288097886538,0.017107309486780714,2269,303,125,68,44,2572,"{'SPEAKER_02': 'Speaker_A', 'SPEAKER_00': 'Speaker_B', 'SPEAKER_01': 'Speaker_C'}",reverb-v2,496,2238,302,157,100,2697,559,2269,303,125,68,2697,496,33,11
sarvam-saaras-v4@reverb-v2,0p6cktLGIfY__12_930,Gujarati,2532,2487,0.2559241706161137,0.3372827804107425,0.2559241706161137,0.08135860979462878,0.06968063044379925,1960,451,121,76,168,2411,"{'SPEAKER_00': 'Speaker_A', 'SPEAKER_01': 'Speaker_B', 'SPEAKER_03': 'Speaker_C', 'SPEAKER_02': 'Speaker_E'}",reverb-v2,648,1841,483,208,163,2532,854,1960,451,121,76,2532,648,138,30
sarvam-saaras-v4@reverb-v2,13VBh0Z6QmE__0_904,Tamil,2396,2342,0.22203672787979967,0.32554257095158595,0.22203672787979967,0.10350584307178629,0.08817110432125709,1915,376,105,51,202,2291,"{'SPEAKER_00': 'Speaker_A', 'SPEAKER_03': 'Speaker_B', 'SPEAKER_01': 'Speaker_C', 'SPEAKER_02': 'Speaker_D'}",reverb-v2,532,1788,382,226,172,2396,780,1915,376,105,51,2396,532,133,69
sarvam-saaras-v4@reverb-v2,1LFl5JEipII__0_597,Bengali,1554,1411,0.32625482625482627,0.5508365508365508,0.32625482625482627,0.22458172458172454,0.19281524926686217,1094,270,190,47,263,1364,"{'SPEAKER_00': 'Speaker_B', 'SPEAKER_01': 'Speaker_C', 'SPEAKER_02': 'Speaker_D', 'SPEAKER_03': 'Speaker_E'}",reverb-v2,507,912,285,357,214,1554,856,1094,270,190,47,1554,507,186,77
sarvam-saaras-v4@reverb-v2,2HGP34TNvjg__84_194,Oriya,290,280,0.4586206896551724,0.496551724137931,0.4586206896551724,0.03793103448275864,0.08303249097472924,160,117,13,3,23,277,"{'SPEAKER_00': 'Speaker_A', 'SPEAKER_01': 'Speaker_B'}",reverb-v2,133,161,104,25,15,290,144,160,117,13,3,290,133,0,23
sarvam-saaras-v4@reverb-v2,2LN6vb7EBn0__98_394,Tamil,727,717,0.328748280605227,0.5020632737276479,0.328748280605227,0.17331499312242094,0.11477761836441894,508,189,30,20,80,697,"{'SPEAKER_01': 'Speaker_A', 'SPEAKER_00': 'Speaker_B', 'SPEAKER_02': 'Speaker_C'}",reverb-v2,239,447,185,95,85,727,365,508,189,30,20,727,239,59,21
whisper-large-v3,0AEEA8NyVwY__11_609,Devanagari,1303,239,0.9792785878741366,0.9792785878741366,0.9792785878741366,0.0,0.4366812227074236,37,192,1074,10,100,229,"{'SPEAKER_01': 'Speaker_A', 'SPEAKER_02': 'Speaker_B', 'SPEAKER_00': 'Speaker_C'}",fusion,1276,34,198,1071,7,1303,1276,37,192,1074,10,1303,1276,4,96
whisper-large-v3,0SoItGfM_sY__7_88,Kannada,165,56,0.9272727272727272,0.9393939393939394,0.9272727272727272,0.0121212121212122,0.21428571428571427,12,44,109,0,12,56,"{'SPEAKER_01': 'Speaker_A', 'SPEAKER_03': 'Speaker_B', 'SPEAKER_00': 'Speaker_E'}",fusion,153,10,46,109,0,165,155,12,44,109,0,165,153,2,10
whisper-large-v3,0VEwL9XZ0LY__261_557,Devanagari,868,511,0.9089861751152074,0.9124423963133641,0.9089861751152074,0.003456221198156695,0.102,90,410,368,11,51,500,"{'SPEAKER_00': 'Speaker_A', 'SPEAKER_01': 'Speaker_B'}",fusion,789,86,415,367,10,868,792,90,410,368,11,868,789,0,51
whisper-large-v3,0esIFSOAcFs__0_913,Gujarati,2697,733,0.8657767890248425,0.8698553948832035,0.8657767890248425,0.004078605858361062,0.10273972602739725,365,365,1967,3,75,730,"{'SPEAKER_02': 'Speaker_A', 'SPEAKER_00': 'Speaker_B', 'SPEAKER_01': 'Speaker_C'}",fusion,2335,354,376,1967,3,2697,2346,365,365,1967,3,2697,2335,17,58
whisper-large-v3,0p6cktLGIfY__12_930,Gujarati,2532,744,0.8830963665086888,0.8906003159557662,0.8830963665086888,0.007503949447077329,0.1523809523809524,305,430,1797,9,112,735,"{'SPEAKER_04': 'Speaker_A', 'SPEAKER_00': 'Speaker_B', 'SPEAKER_02': 'Speaker_C', 'SPEAKER_03': 'Speaker_E', 'SPEAKER_01': 'Speaker_F'}",fusion,2236,291,439,1802,14,2532,2255,305,430,1797,9,2532,2236,28,84
whisper-large-v3,13VBh0Z6QmE__0_904,Tamil,2396,1087,0.9298831385642737,0.9403171953255426,0.9298831385642737,0.01043405676126885,0.24837812789620017,176,903,1317,8,268,1079,"{'SPEAKER_01': 'Speaker_A', 'SPEAKER_04': 'Speaker_B', 'SPEAKER_02': 'Speaker_C', 'SPEAKER_03': 'Speaker_D'}",fusion,2228,149,932,1315,6,2396,2253,176,903,1317,8,2396,2228,31,237
whisper-large-v3,1LFl5JEipII__0_597,Bengali,1554,548,0.88996138996139,0.9343629343629344,0.88996138996139,0.044401544401544424,0.4954128440366973,174,371,1009,3,270,545,"{'SPEAKER_04': 'Speaker_A', 'SPEAKER_03': 'Speaker_B', 'SPEAKER_02': 'Speaker_C', 'SPEAKER_00': 'Speaker_D', 'SPEAKER_01': 'Speaker_E'}",fusion,1383,118,414,1022,16,1554,1452,174,371,1009,3,1554,1383,71,199
whisper-large-v3,2HGP34TNvjg__84_194,Oriya,290,218,1.0,1.0,1.0,0.0,0.3440366972477064,0,218,72,0,75,218,"{'SPEAKER_00': 'Speaker_A', 'SPEAKER_01': 'Speaker_B'}",fusion,290,0,218,72,0,290,290,0,218,72,0,290,290,0,75
whisper-large-v3,2LN6vb7EBn0__98_394,Tamil,727,370,0.9394773039889959,0.9491059147180193,0.9394773039889959,0.009628610729023435,0.4173441734417344,45,324,358,1,154,369,"{'SPEAKER_01': 'Speaker_A', 'SPEAKER_00': 'Speaker_B', 'SPEAKER_02': 'Speaker_C'}",fusion,683,38,331,358,1,727,690,45,324,358,1,727,683,9,145
whisper-large-v3,2T4pjueLrsk__677_1290,Gujarati,2286,1799,1.0,1.0017497812773404,1.0,0.0017497812773403787,0.3468593663146192,0,1799,487,0,624,1799,"{'SPEAKER_00': 'Speaker_A', 'SPEAKER_02': 'Speaker_B', 'SPEAKER_01': 'Speaker_C', 'SPEAKER_03': 'Speaker_D'}",fusion,2286,0,1795,491,4,2286,2290,0,1799,487,0,2286,2286,0,624
whisper-large-v3,2gGHQgj9yno__0_99,Gujarati,282,77,0.9184397163120568,0.9219858156028369,0.9184397163120568,0.0035460992907800915,0.2236842105263158,24,52,206,1,17,76,"{'SPEAKER_00': 'Speaker_A', 'SPEAKER_01': 'Speaker_B'}",fusion,259,23,53,206,1,282,260,24,52,206,1,282,259,3,14
whisper-large-v3,2iMXYxBTwbM__339_401,Devanagari,187,111,0.9251336898395722,0.9358288770053476,0.9251336898395722,0.010695187165775333,0.24324324324324326,14,97,76,0,27,111,"{'SPEAKER_01': 'Speaker_A', 'SPEAKER_00': 'Speaker_C'}",fusion,173,12,99,76,0,187,175,14,97,76,0,187,173,5,22
whisper-large-v3,37dND_0r6S8__60_222,Tamil,520,269,0.8942307692307693,0.9096153846153846,0.8942307692307693,0.01538461538461533,0.1791044776119403,56,212,252,1,48,268,"{'SPEAKER_00': 'Speaker_A', 'SPEAKER_01': 'Speaker_B'}",fusion,465,48,220,252,1,520,473,56,212,252,1,520,465,3,45
whisper-large-v3,4Qg2jWP6_T0__136_202,Gurmukhi,266,43,0.9661654135338346,0.9661654135338346,0.9661654135338346,0.0,0.32558139534883723,9,34,223,0,14,43,"{'SPEAKER_01': 'Speaker_A', 'SPEAKER_00': 'Speaker_C'}",fusion,257,9,34,223,0,266,257,9,34,223,0,266,257,0,14
whisper-large-v3,6-726qTlYeg__102_162,Malayalam,200,24,0.995,0.995,0.995,0.0,0.25,1,23,176,0,6,24,"{'SPEAKER_00': 'Speaker_A', 'SPEAKER_01': 'Speaker_B'}",fusion,199,1,23,176,0,200,199,1,23,176,0,200,199,0,6
whisper-large-v3,6ZeRgvDHwcI__6_100,Gujarati,189,110,0.7883597883597884,0.7936507936507936,0.7883597883597884,0.005291005291005235,0.05825242718446602,47,56,86,7,6,103,"{'SPEAKER_00': 'Speaker_A', 'SPEAKER_01': 'Speaker_B'}",fusion,149,46,57,86,7,189,150,47,56,86,7,189,149,0,6
whisper-large-v3,6f6TLzlP8Wk__82_144,Gurmukhi,236,67,0.9322033898305084,0.9364406779661016,0.9322033898305084,0.004237288135593209,0.26865671641791045,16,51,169,0,18,67,"{'SPEAKER_01': 'Speaker_A', 'SPEAKER_00': 'Speaker_B'}",fusion,220,15,52,169,0,236,221,16,51,169,0,236,220,3,15
whisper-large-v3,7L4gi7Ncc0s__90_148,Malayalam,120,22,1.0,1.0,1.0,0.0,0.5,0,22,98,0,11,22,"{'SPEAKER_00': 'Speaker_A', 'SPEAKER_01': 'Speaker_B'}",fusion,120,0,22,98,0,120,120,0,22,98,0,120,120,0,11
whisper-large-v3,7WhVNRHbjIY__91_1089,Tamil,2491,1304,0.8667201926936973,0.8679245283018868,0.8667201926936973,0.001204335608189555,0.10110584518167456,370,896,1225,38,128,1266,"{'SPEAKER_04': 'Speaker_A', 'SPEAKER_02': 'Speaker_B', 'SPEAKER_01': 'Speaker_C', 'SPEAKER_03': 'Speaker_D', 'SPEAKER_00': 'Speaker_E'}",fusion,2159,367,899,1225,38,2491,2162,370,896,1225,38,2491,2159,7,121
whisper-large-v3,7YfsQPYY-W0__351_411,Oriya,197,67,1.0,1.0,1.0,0.0,0.8059701492537313,0,67,130,0,54,67,"{'SPEAKER_00': 'Speaker_A', 'SPEAKER_01': 'Speaker_B'}",fusion,197,0,67,130,0,197,197,0,67,130,0,197,197,0,54
whisper-large-v3,7c9ePKgqams__299_869,Telugu,1530,152,0.9921568627450981,0.9934640522875817,0.9921568627450981,0.0013071895424836555,0.5131578947368421,12,140,1378,0,78,152,"{'SPEAKER_02': 'Speaker_B', 'SPEAKER_01': 'Speaker_C', 'SPEAKER_00': 'Speaker_D'}",fusion,1518,10,142,1378,0,1530,1520,12,140,1378,0,1530,1518,7,71
whisper-large-v3,7k-xDqNjESc__73_981,Malayalam,2159,584,0.999073645206114,0.999536822603057,0.999073645206114,0.0004631773969430153,0.5,2,582,1575,0,292,584,"{'SPEAKER_00': 'Speaker_B', 'SPEAKER_01': 'Speaker_C', 'SPEAKER_02': 'Speaker_D'}",fusion,2157,1,583,1575,0,2159,2158,2,582,1575,0,2159,2157,1,291
whisper-large-v3,83gP2vLH7UY__255_2005,Devanagari,5799,657,0.9874116226935679,0.9872391791688222,0.9874116226935679,-0.00017244352474565794,0.5114854517611026,77,576,5146,4,334,653,"{'SPEAKER_01': 'Speaker_A', 'SPEAKER_00': 'Speaker_B', 'SPEAKER_03': 'Speaker_C', 'SPEAKER_04': 'Speaker_D', 'SPEAKER_02': 'Speaker_E'}",fusion,5726,81,569,5149,7,5799,5725,77,576,5146,4,5799,5726,15,319
whisper-large-v3,86mMTUeDiR8__181_1079,Bengali,2267,246,0.9761799735333039,0.9792677547419497,0.9761799735333039,0.0030877812086458345,0.363265306122449,55,190,2022,1,89,245,"{'SPEAKER_04': 'Speaker_A', 'SPEAKER_02': 'Speaker_B', 'SPEAKER_03': 'Speaker_C', 'SPEAKER_01': 'Speaker_D', 'SPEAKER_00': 'Speaker_E'}",fusion,2213,48,197,2022,1,2267,2220,55,190,2022,1,2267,2213,14,75
whisper-large-v3,87Zbup3ohcw__106_445,Tamil,741,384,0.8340080971659919,0.8394062078272605,0.8340080971659919,0.005398110661268607,0.04774535809018567,130,247,364,7,18,377,"{'SPEAKER_01': 'Speaker_A', 'SPEAKER_02': 'Speaker_B', 'SPEAKER_03': 'Speaker_C', 'SPEAKER_00': 'Speaker_D'}",fusion,618,127,249,365,8,741,622,130,247,364,7,741,618,4,14
whisper-large-v3,8Ve4SWhlrrA__0_70,Oriya,133,107,1.0,1.0,1.0,0.0,0.037383177570093455,0,107,26,0,4,107,{'SPEAKER_00': 'Speaker_A'},fusion,133,0,107,26,0,133,133,0,107,26,0,133,133,0,4
whisper-large-v3,8mvORuRHw2U__0_1197,Gujarati,3425,865,0.8931386861313869,0.8978102189781022,0.8931386861313869,0.004671532846715287,0.18604651162790697,371,489,2565,5,160,860,"{'SPEAKER_01': 'Speaker_A', 'SPEAKER_03': 'Speaker_B', 'SPEAKER_00': 'Speaker_C', 'SPEAKER_02': 'Speaker_D'}",fusion,3059,355,505,2565,5,3425,3075,371,489,2565,5,3425,3059,38,122
whisper-large-v3,8o7jKmq6HsM__30_1770,Devanagari,4454,1148,0.9719353390211046,0.973731477323754,0.9719353390211046,0.0017961383026493527,0.42769500438212094,132,1009,3313,7,488,1141,"{'SPEAKER_04': 'Speaker_A', 'SPEAKER_02': 'Speaker_B', 'SPEAKER_01': 'Speaker_C', 'SPEAKER_00': 'Speaker_D', 'SPEAKER_03': 'Speaker_E', 'SPEAKER_05': 'Speaker_F'}",fusion,4329,123,1019,3312,6,4454,4337,132,1009,3313,7,4454,4329,38,450
whisper-large-v3,8pkp-lpMJP0__326_926,Telugu,1482,229,0.9804318488529015,0.979757085020243,0.9804318488529015,-0.0006747638326585204,0.4366812227074236,29,200,1253,0,100,229,"{'SPEAKER_03': 'Speaker_A', 'SPEAKER_02': 'Speaker_B', 'SPEAKER_00': 'Speaker_C', 'SPEAKER_04': 'Speaker_D', 'SPEAKER_06': 'Speaker_E', 'SPEAKER_01': 'Speaker_F', 'SPEAKER_05': 'Speaker_H'}",fusion,1453,30,199,1253,0,1482,1452,29,200,1253,0,1482,1453,11,89
whisper-large-v3,8r2Nltl0W4o__259_320,Gurmukhi,253,83,0.924901185770751,0.932806324110672,0.924901185770751,0.007905138339921014,0.07228915662650602,19,64,170,0,6,83,"{'SPEAKER_01': 'Speaker_A', 'SPEAKER_00': 'Speaker_B'}",fusion,234,17,66,170,0,253,236,19,64,170,0,253,234,1,5
whisper-large-v3,90uAd6xpTPo__16_408,Devanagari,1212,863,0.4744224422442244,0.47854785478547857,0.4744224422442244,0.004125412541254148,0.00936768149882904,646,208,358,9,8,854,"{'SPEAKER_03': 'Speaker_A', 'SPEAKER_02': 'Speaker_B', 'SPEAKER_01': 'Speaker_C', 'SPEAKER_00': 'Speaker_D'}",fusion,575,642,211,359,10,1212,580,646,208,358,9,1212,575,5,3
whisper-large-v3,9Aw8kg8w5Xo__0_83,Telugu,199,39,0.964824120603015,0.964824120603015,0.964824120603015,0.0,0.1794871794871795,7,32,160,0,7,39,"{'SPEAKER_00': 'Speaker_A', 'SPEAKER_02': 'Speaker_C'}",fusion,192,7,32,160,0,199,192,7,32,160,0,199,192,0,7
whisper-large-v3,9_GMxc_JjyI__236_368,Kannada,361,107,0.9501385041551247,0.9529085872576177,0.9501385041551247,0.0027700831024930483,0.16037735849056603,19,87,255,1,17,106,"{'SPEAKER_01': 'Speaker_A', 'SPEAKER_00': 'Speaker_B'}",fusion,343,18,88,255,1,361,344,19,87,255,1,361,343,1,16
whisper-large-v3,ARCKJrGkITw__14_496,Telugu,1375,227,0.9629090909090909,0.9643636363636363,0.9629090909090909,0.001454545454545375,0.23788546255506607,51,176,1148,0,54,227,"{'SPEAKER_02': 'Speaker_A', 'SPEAKER_00': 'Speaker_B', 'SPEAKER_01': 'Speaker_C'}",fusion,1324,49,178,1148,0,1375,1326,51,176,1148,0,1375,1324,5,49
whisper-large-v3,ARZl7LT0UC0__73_130,Telugu,150,24,0.9466666666666667,0.9466666666666667,0.9466666666666667,0.0,0.08333333333333333,8,16,126,0,2,24,"{'SPEAKER_00': 'Speaker_A', 'SPEAKER_02': 'Speaker_B'}",fusion,142,8,16,126,0,150,142,8,16,126,0,150,142,0,2
whisper-large-v3-turbo,0AEEA8NyVwY__11_609,Devanagari,1303,900,0.9056024558710668,0.9109746738296239,0.9056024558710668,0.005372217958557135,0.05802047781569966,144,735,424,21,51,879,"{'SPEAKER_01': 'Speaker_A', 'SPEAKER_02': 'Speaker_B', 'SPEAKER_00': 'Speaker_C'}",fusion,1180,137,742,424,21,1303,1187,144,735,424,21,1303,1180,7,44
whisper-large-v3-turbo,0SoItGfM_sY__7_88,Kannada,165,222,1.3454545454545455,1.412121212121212,1.3454545454545455,0.06666666666666665,0.3515151515151515,0,165,0,57,58,165,"{'SPEAKER_01': 'Speaker_A', 'SPEAKER_02': 'Speaker_B', 'SPEAKER_03': 'Speaker_C', 'SPEAKER_00': 'Speaker_E'}",fusion,222,0,154,11,68,165,233,0,165,0,57,165,222,0,58
whisper-large-v3-turbo,0VEwL9XZ0LY__261_557,Devanagari,868,705,1.0,1.0,1.0,0.0,0.3347517730496454,0,705,163,0,236,705,"{'SPEAKER_00': 'Speaker_A', 'SPEAKER_01': 'Speaker_B'}",fusion,868,0,705,163,0,868,868,0,705,163,0,868,868,0,236
whisper-large-v3-turbo,0esIFSOAcFs__0_913,Gujarati,2697,1570,1.0,1.0,1.0,0.0,0.7210191082802547,0,1570,1127,0,1132,1570,"{'SPEAKER_00': 'Speaker_A', 'SPEAKER_01': 'Speaker_B', 'SPEAKER_02': 'Speaker_C'}",fusion,2697,0,1570,1127,0,2697,2697,0,1570,1127,0,2697,2697,0,1132
whisper-large-v3-turbo,0p6cktLGIfY__12_930,Gujarati,2532,2641,1.042654028436019,1.0450236966824644,1.042654028436019,0.0023696682464453556,0.2586887835703002,1,2531,0,109,655,2532,"{'SPEAKER_04': 'Speaker_A', 'SPEAKER_00': 'Speaker_B', 'SPEAKER_02': 'Speaker_C', 'SPEAKER_03': 'Speaker_E', 'SPEAKER_01': 'Speaker_F'}",fusion,2640,1,2525,6,115,2532,2646,1,2531,0,109,2532,2640,0,655
whisper-large-v3-turbo,13VBh0Z6QmE__0_904,Tamil,2396,975,0.9791318864774624,0.9791318864774624,0.9791318864774624,0.0,0.5261538461538462,50,925,1421,0,513,975,"{'SPEAKER_01': 'Speaker_A', 'SPEAKER_04': 'Speaker_B', 'SPEAKER_02': 'Speaker_C', 'SPEAKER_03': 'Speaker_D'}",fusion,2346,50,925,1421,0,2396,2346,50,925,1421,0,2396,2346,16,497
whisper-large-v3-turbo,1LFl5JEipII__0_597,Bengali,1554,1508,1.0,1.2072072072072073,1.0,0.2072072072072073,0.6611405835543767,0,1508,46,0,997,1508,"{'SPEAKER_04': 'Speaker_A', 'SPEAKER_03': 'Speaker_B', 'SPEAKER_02': 'Speaker_C', 'SPEAKER_00': 'Speaker_D', 'SPEAKER_01': 'Speaker_E'}",fusion,1554,0,1186,368,322,1554,1876,0,1508,46,0,1554,1554,0,997
whisper-large-v3-turbo,2HGP34TNvjg__84_194,Oriya,290,190,1.0,1.0,1.0,0.0,0.6894736842105263,0,190,100,0,131,190,"{'SPEAKER_00': 'Speaker_A', 'SPEAKER_01': 'Speaker_B'}",fusion,290,0,190,100,0,290,290,0,190,100,0,290,290,0,131
whisper-large-v3-turbo,2LN6vb7EBn0__98_394,Tamil,727,813,1.1182943603851445,1.1182943603851445,1.1182943603851445,0.0,0.47042640990371387,0,727,0,86,342,727,"{'SPEAKER_01': 'Speaker_A', 'SPEAKER_00': 'Speaker_B', 'SPEAKER_02': 'Speaker_C'}",fusion,813,0,727,0,86,727,813,0,727,0,86,727,813,0,342
whisper-large-v3-turbo,2T4pjueLrsk__677_1290,Gujarati,2286,1665,1.0,1.006124234470691,1.0,0.006124234470691103,0.3987987987987988,0,1665,621,0,664,1665,"{'SPEAKER_00': 'Speaker_A', 'SPEAKER_02': 'Speaker_B', 'SPEAKER_01': 'Speaker_C', 'SPEAKER_03': 'Speaker_D'}",fusion,2286,0,1651,635,14,2286,2300,0,1665,621,0,2286,2286,0,664
whisper-large-v3-turbo,2gGHQgj9yno__0_99,Gujarati,282,280,1.0,1.1028368794326242,1.0,0.1028368794326242,0.33214285714285713,0,280,2,0,93,280,"{'SPEAKER_00': 'Speaker_A', 'SPEAKER_01': 'Speaker_B'}",fusion,282,0,251,31,29,282,311,0,280,2,0,282,282,0,93
whisper-large-v3-turbo,2iMXYxBTwbM__339_401,Devanagari,187,178,1.0,1.0,1.0,0.0,0.5561797752808989,0,178,9,0,99,178,"{'SPEAKER_01': 'Speaker_A', 'SPEAKER_00': 'Speaker_C'}",fusion,187,0,178,9,0,187,187,0,178,9,0,187,187,0,99
whisper-large-v3-turbo,37dND_0r6S8__60_222,Tamil,520,434,1.0,1.0,1.0,0.0,0.41935483870967744,0,434,86,0,182,434,"{'SPEAKER_00': 'Speaker_A', 'SPEAKER_01': 'Speaker_B'}",fusion,520,0,434,86,0,520,520,0,434,86,0,520,520,0,182
whisper-large-v3-turbo,4Qg2jWP6_T0__136_202,Gurmukhi,266,166,1.0,1.0601503759398496,1.0,0.06015037593984962,0.6626506024096386,0,166,100,0,110,166,"{'SPEAKER_01': 'Speaker_A', 'SPEAKER_00': 'Speaker_C'}",fusion,266,0,150,116,16,266,282,0,166,100,0,266,266,0,110
whisper-large-v3-turbo,6-726qTlYeg__102_162,Malayalam,200,197,1.0,1.14,1.0,0.1399999999999999,0.4873096446700508,0,197,3,0,96,197,"{'SPEAKER_00': 'Speaker_A', 'SPEAKER_01': 'Speaker_B'}",fusion,200,0,169,31,28,200,228,0,197,3,0,200,200,0,96
whisper-large-v3-turbo,6ZeRgvDHwcI__6_100,Gujarati,189,177,1.0,1.0,1.0,0.0,0.327683615819209,0,177,12,0,58,177,"{'SPEAKER_00': 'Speaker_A', 'SPEAKER_01': 'Speaker_B'}",fusion,189,0,177,12,0,189,189,0,177,12,0,189,189,0,58
whisper-large-v3-turbo,6f6TLzlP8Wk__82_144,Gurmukhi,236,171,1.0,1.0,1.0,0.0,0.5847953216374269,0,171,65,0,100,171,"{'SPEAKER_00': 'Speaker_A', 'SPEAKER_01': 'Speaker_B'}",fusion,236,0,171,65,0,236,236,0,171,65,0,236,236,0,100
whisper-large-v3-turbo,7L4gi7Ncc0s__90_148,Malayalam,120,49,0.9916666666666667,0.9916666666666667,0.9916666666666667,0.0,0.22448979591836735,1,48,71,0,11,49,"{'SPEAKER_01': 'Speaker_A', 'SPEAKER_00': 'Speaker_B'}",fusion,119,1,48,71,0,120,119,1,48,71,0,120,119,0,11
whisper-large-v3-turbo,7WhVNRHbjIY__91_1089,Tamil,2491,2955,1.18627057406664,1.18627057406664,1.18627057406664,0.0,0.6852669610598153,0,2491,0,464,1707,2491,"{'SPEAKER_00': 'Speaker_A', 'SPEAKER_02': 'Speaker_B', 'SPEAKER_01': 'Speaker_C', 'SPEAKER_03': 'Speaker_D', 'SPEAKER_04': 'Speaker_E'}",fusion,2955,0,2491,0,464,2491,2955,0,2491,0,464,2491,2955,0,1707
whisper-large-v3-turbo,7YfsQPYY-W0__351_411,Oriya,197,157,1.0,1.0,1.0,0.0,0.5859872611464968,0,157,40,0,92,157,"{'SPEAKER_00': 'Speaker_A', 'SPEAKER_01': 'Speaker_B'}",fusion,197,0,157,40,0,197,197,0,157,40,0,197,197,0,92
whisper-large-v3-turbo,7c9ePKgqams__299_869,Telugu,1530,414,1.0,1.0,1.0,0.0,0.7463768115942029,0,414,1116,0,309,414,"{'SPEAKER_00': 'Speaker_B', 'SPEAKER_01': 'Speaker_C', 'SPEAKER_02': 'Speaker_D'}",fusion,1530,0,414,1116,0,1530,1530,0,414,1116,0,1530,1530,0,309
whisper-large-v3-turbo,7k-xDqNjESc__73_981,Malayalam,2159,1988,1.0,1.0208429828624364,1.0,0.020842982862436354,0.3853118712273642,0,1988,171,0,766,1988,"{'SPEAKER_00': 'Speaker_B', 'SPEAKER_01': 'Speaker_C', 'SPEAKER_02': 'Speaker_D'}",fusion,2159,0,1943,216,45,2159,2204,0,1988,171,0,2159,2159,0,766
whisper-large-v3-turbo,83gP2vLH7UY__255_2005,Devanagari,5799,276,1.0,1.0,1.0,0.0,0.8623188405797102,0,276,5523,0,238,276,"{'SPEAKER_00': 'Speaker_A', 'SPEAKER_01': 'Speaker_B', 'SPEAKER_02': 'Speaker_C', 'SPEAKER_03': 'Speaker_D', 'SPEAKER_04': 'Speaker_E'}",fusion,5799,0,276,5523,0,5799,5799,0,276,5523,0,5799,5799,0,238
whisper-large-v3-turbo,86mMTUeDiR8__181_1079,Bengali,2267,1734,1.0,1.0,1.0,0.0,0.5980392156862745,0,1734,533,0,1037,1734,"{'SPEAKER_03': 'Speaker_A', 'SPEAKER_02': 'Speaker_B', 'SPEAKER_00': 'Speaker_C', 'SPEAKER_04': 'Speaker_D', 'SPEAKER_01': 'Speaker_E'}",fusion,2267,0,1734,533,0,2267,2267,0,1734,533,0,2267,2267,0,1037
whisper-large-v3-turbo,87Zbup3ohcw__106_445,Tamil,741,420,1.0,1.0,1.0,0.0,0.3880952380952381,0,420,321,0,163,420,"{'SPEAKER_01': 'Speaker_A', 'SPEAKER_02': 'Speaker_B', 'SPEAKER_03': 'Speaker_C', 'SPEAKER_00': 'Speaker_D'}",fusion,741,0,420,321,0,741,741,0,420,321,0,741,741,0,163
whisper-large-v3-turbo,8Ve4SWhlrrA__0_70,Oriya,133,81,1.0,1.0,1.0,0.0,0.0,0,81,52,0,0,81,{'SPEAKER_00': 'Speaker_A'},fusion,133,0,81,52,0,133,133,0,81,52,0,133,133,0,0
whisper-large-v3-turbo,8mvORuRHw2U__0_1197,Gujarati,3425,3048,1.0,1.0,1.0,0.0,0.8018372703412073,0,3048,377,0,2444,3048,"{'SPEAKER_02': 'Speaker_A', 'SPEAKER_01': 'Speaker_B', 'SPEAKER_00': 'Speaker_C', 'SPEAKER_03': 'Speaker_D'}",fusion,3425,0,3048,377,0,3425,3425,0,3048,377,0,3425,3425,0,2444
whisper-large-v3-turbo,8o7jKmq6HsM__30_1770,Devanagari,4454,4621,1.0374943870678042,1.056353839245622,1.0374943870678042,0.018859452177817815,0.46340368208352045,0,4454,0,167,2064,4454,"{'SPEAKER_04': 'Speaker_A', 'SPEAKER_02': 'Speaker_B', 'SPEAKER_01': 'Speaker_C', 'SPEAKER_00': 'Speaker_D', 'SPEAKER_03': 'Speaker_E', 'SPEAKER_05': 'Speaker_F'}",fusion,4621,0,4370,84,251,4454,4705,0,4454,0,167,4454,4621,0,2064
whisper-large-v3-turbo,8pkp-lpMJP0__326_926,Telugu,1482,1534,1.0350877192982457,1.114709851551957,1.0350877192982457,0.07962213225371118,0.5458839406207827,0,1482,0,52,809,1482,"{'SPEAKER_03': 'Speaker_A', 'SPEAKER_02': 'Speaker_B', 'SPEAKER_04': 'Speaker_D', 'SPEAKER_06': 'Speaker_E', 'SPEAKER_00': 'Speaker_F', 'SPEAKER_01': 'Speaker_G', 'SPEAKER_05': 'Speaker_H'}",fusion,1534,0,1364,118,170,1482,1652,0,1482,0,52,1482,1534,0,809
whisper-large-v3-turbo,8r2Nltl0W4o__259_320,Gurmukhi,253,156,1.0,1.0,1.0,0.0,0.20512820512820512,0,156,97,0,32,156,"{'SPEAKER_01': 'Speaker_A', 'SPEAKER_00': 'Speaker_B'}",fusion,253,0,156,97,0,253,253,0,156,97,0,253,253,0,32
whisper-large-v3-turbo,90uAd6xpTPo__16_408,Devanagari,1212,902,1.0,1.0,1.0,0.0,0.8237250554323725,0,902,310,0,743,902,"{'SPEAKER_00': 'Speaker_A', 'SPEAKER_01': 'Speaker_B', 'SPEAKER_02': 'Speaker_C', 'SPEAKER_03': 'Speaker_D'}",fusion,1212,0,902,310,0,1212,1212,0,902,310,0,1212,1212,0,743
whisper-large-v3-turbo,9Aw8kg8w5Xo__0_83,Telugu,199,224,1.1256281407035176,1.1306532663316582,1.1256281407035176,0.005025125628140614,0.09547738693467336,0,199,0,25,19,199,"{'SPEAKER_00': 'Speaker_A', 'SPEAKER_02': 'Speaker_C', 'SPEAKER_01': 'Speaker_D'}",fusion,224,0,198,1,26,199,225,0,199,0,25,199,224,0,19
whisper-large-v3-turbo,9_GMxc_JjyI__236_368,Kannada,361,338,0.997229916897507,1.03601108033241,0.997229916897507,0.03878116343490312,0.16863905325443787,1,337,23,0,57,338,"{'SPEAKER_01': 'Speaker_A', 'SPEAKER_00': 'Speaker_B'}",fusion,360,1,323,37,14,361,374,1,337,23,0,361,360,0,57
whisper-large-v3-turbo,ARCKJrGkITw__14_496,Telugu,1375,1098,1.0,0.9992727272727273,1.0,-0.0007272727272726875,0.7395264116575592,0,1098,277,0,812,1098,"{'SPEAKER_00': 'Speaker_A', 'SPEAKER_01': 'Speaker_B', 'SPEAKER_02': 'Speaker_C'}",fusion,1375,1,1097,277,0,1375,1374,0,1098,277,0,1375,1375,0,812
whisper-large-v3-turbo,ARZl7LT0UC0__73_130,Telugu,150,170,1.1333333333333333,1.3,1.1333333333333333,0.16666666666666674,0.49333333333333335,0,150,0,20,74,150,"{'SPEAKER_01': 'Speaker_A', 'SPEAKER_02': 'Speaker_B', 'SPEAKER_00': 'Speaker_C'}",fusion,170,0,125,25,45,150,195,0,150,0,20,150,170,0,74
whisper-large-v3-turbo,A_dohDOK6Ic__0_600,Devanagari,1829,1599,0.4324767632586113,0.4330235101148168,0.4324767632586113,0.0005467468562055378,0.005044136191677175,1051,535,243,13,8,1586,"{'SPEAKER_02': 'Speaker_A', 'SPEAKER_00': 'Speaker_B', 'SPEAKER_01': 'Speaker_C'}",fusion,791,1050,536,243,13,1829,792,1051,535,243,13,1829,791,2,6
whisper-large-v3-turbo,B2ScTgeIIck__117_180,Oriya,174,156,1.0,1.0,1.0,0.0,0.3782051282051282,0,156,18,0,59,156,"{'SPEAKER_00': 'Speaker_A', 'SPEAKER_01': 'Speaker_B'}",fusion,174,0,156,18,0,174,174,0,156,18,0,174,174,0,59
whisper-large-v3-turbo,BGAAfht5dYw__0_612,Gujarati,2067,1836,1.0,1.0,1.0,0.0,0.545751633986928,0,1836,231,0,1002,1836,"{'SPEAKER_01': 'Speaker_A', 'SPEAKER_00': 'Speaker_B', 'SPEAKER_03': 'Speaker_C', 'SPEAKER_02': 'Speaker_D'}",fusion,2067,0,1836,231,0,2067,2067,0,1836,231,0,2067,2067,0,1002
whisper-large-v3-turbo,BYLcUGNB_zM__20_1387,Kannada,3270,1395,0.9990825688073395,0.9996941896024465,0.9990825688073395,0.0006116207951070152,0.8236559139784946,3,1392,1875,0,1149,1395,"{'SPEAKER_02': 'Speaker_A', 'SPEAKER_00': 'Speaker_B', 'SPEAKER_01': 'Speaker_C', 'SPEAKER_03': 'Speaker_D'}",fusion,3267,1,1394,1875,0,3270,3269,3,1392,1875,0,3270,3267,2,1147
whisper-large-v3-turbo,Bngfppo1QtA__28_927,Telugu,2344,2224,1.0,1.0110921501706485,1.0,0.011092150170648463,0.6070143884892086,0,2224,120,0,1350,2224,"{'SPEAKER_00': 'Speaker_A', 'SPEAKER_04': 'Speaker_B', 'SPEAKER_02': 'Speaker_C', 'SPEAKER_03': 'Speaker_D', 'SPEAKER_01': 'Speaker_E'}",fusion,2344,0,2198,146,26,2344,2370,0,2224,120,0,2344,2344,0,1350
whisper-large-v3-turbo,CO_8ppdzq9U__0_695,Tamil,1592,1527,1.0,1.0238693467336684,1.0,0.023869346733668362,0.6208251473477406,0,1527,65,0,948,1527,"{'SPEAKER_03': 'Speaker_A', 'SPEAKER_01': 'Speaker_B', 'SPEAKER_00': 'Speaker_C', 'SPEAKER_02': 'Speaker_D'}",fusion,1592,0,1489,103,38,1592,1630,0,1527,65,0,1592,1592,0,948
whisper-large-v3-turbo,Cku_X_SL7qU__60_660,Gujarati,1774,1540,1.0,1.0,1.0,0.0,0.6123376623376623,0,1540,234,0,943,1540,"{'SPEAKER_00': 'Speaker_A', 'SPEAKER_01': 'Speaker_B', 'SPEAKER_02': 'Speaker_C'}",fusion,1774,0,1540,234,0,1774,1774,0,1540,234,0,1774,1774,0,943
whisper-large-v3-turbo,DPmew0didIM__191_512,Telugu,748,1009,1.3489304812834224,1.3502673796791445,1.3489304812834224,0.0013368983957220415,0.5868983957219251,0,748,0,261,439,748,"{'SPEAKER_04': 'Speaker_A', 'SPEAKER_02': 'Speaker_B', 'SPEAKER_00': 'Speaker_C', 'SPEAKER_03': 'Speaker_D', 'SPEAKER_01': 'Speaker_E'}",fusion,1009,0,747,1,262,748,1010,0,748,0,261,748,1009,0,439
whisper-large-v3-turbo,EmsKkNN2Me4__35_95,Malayalam,166,132,1.0,1.0,1.0,0.0,0.5151515151515151,0,132,34,0,68,132,"{'SPEAKER_00': 'Speaker_A', 'SPEAKER_01': 'Speaker_B'}",fusion,166,0,132,34,0,166,166,0,132,34,0,166,166,0,68
whisper-large-v3-turbo,ExGJodnzocM__212_527,Devanagari,1161,922,1.0,1.0086132644272179,1.0,0.008613264427217882,0.8221258134490239,0,922,239,0,758,922,"{'SPEAKER_00': 'Speaker_A', 'SPEAKER_01': 'Speaker_B', 'SPEAKER_02': 'Speaker_C', 'SPEAKER_03': 'Speaker_D'}",fusion,1161,0,912,249,10,1161,1171,0,922,239,0,1161,1161,0,758
whisper-large-v3-turbo,F2uXav-wriA__0_907,Devanagari,2765,2194,0.9334538878842676,0.9338155515370705,0.9334538878842676,0.0003616636528028794,0.4141552511415525,188,2002,575,4,907,2190,"{'SPEAKER_01': 'Speaker_A', 'SPEAKER_02': 'Speaker_B', 'SPEAKER_00': 'Speaker_C', 'SPEAKER_03': 'Speaker_D'}",fusion,2581,187,2003,575,4,2765,2582,188,2002,575,4,2765,2581,2,905
whisper-large-v3-turbo,FDMf9ApmoNU__16_686,Bengali,1622,551,1.0,1.0,1.0,0.0,0.41197822141560797,0,551,1071,0,227,551,"{'SPEAKER_03': 'Speaker_A', 'SPEAKER_01': 'Speaker_B', 'SPEAKER_02': 'Speaker_C', 'SPEAKER_00': 'Speaker_D'}",fusion,1622,0,551,1071,0,1622,1622,0,551,1071,0,1622,1622,0,227
whisper-large-v3-turbo,G6qzg93FxwE__21_116,Gujarati,267,58,0.9438202247191011,0.947565543071161,0.9438202247191011,0.0037453183520599342,0.39285714285714285,17,39,211,2,22,56,"{'SPEAKER_00': 'Speaker_A', 'SPEAKER_01': 'Speaker_B'}",fusion,252,16,40,211,2,267,253,17,39,211,2,267,252,2,20
whisper-large-v3-turbo,GEc_sS2KWo8__96_290,Gujarati,517,447,1.0,1.056092843326886,1.0,0.05609284332688591,0.18120805369127516,0,447,70,0,81,447,"{'SPEAKER_01': 'Speaker_A', 'SPEAKER_00': 'Speaker_B', 'SPEAKER_02': 'Speaker_C'}",fusion,517,0,418,99,29,517,546,0,447,70,0,517,517,0,81
whisper-large-v3-turbo,GfFLEIAAumk__90_163,Bengali,204,83,1.0,1.0,1.0,0.0,0.7831325301204819,0,83,121,0,65,83,"{'SPEAKER_00': 'Speaker_A', 'SPEAKER_01': 'Speaker_B'}",fusion,204,0,83,121,0,204,204,0,83,121,0,204,204,0,65
whisper-large-v3-turbo,Gq45evw6ytY__597_1464,Oriya,2688,2393,1.0,1.0,1.0,0.0,0.5758462181362307,0,2393,295,0,1378,2393,"{'SPEAKER_00': 'Speaker_A', 'SPEAKER_01': 'Speaker_B', 'SPEAKER_02': 'Speaker_C'}",fusion,2688,0,2393,295,0,2688,2688,0,2393,295,0,2688,2688,0,1378
whisper-large-v3-turbo,HZv_WvIr6lE__21_105,Tamil,252,106,1.0,1.0,1.0,0.0,0.7169811320754716,0,106,146,0,76,106,"{'SPEAKER_00': 'Speaker_A', 'SPEAKER_01': 'Speaker_B', 'SPEAKER_02': 'Speaker_C'}",fusion,252,0,106,146,0,252,252,0,106,146,0,252,252,0,76
whisper-large-v3-turbo,HpYG46tGyYs__103_998,Devanagari,2564,2182,0.4746489859594384,0.47581903276131043,0.4746489859594384,0.001170046801872049,0.026477541371158392,1414,701,449,67,56,2115,"{'SPEAKER_01': 'Speaker_A', 'SPEAKER_00': 'Speaker_B', 'SPEAKER_02': 'Speaker_C', 'SPEAKER_03': 'Speaker_D'}",fusion,1217,1415,696,453,71,2564,1220,1414,701,449,67,2564,1217,1,55
whisper-large-v3-turbo,IAm1rt-MYcA__4_558,Bengali,1620,1416,1.0,1.0,1.0,0.0,0.4117231638418079,0,1416,204,0,583,1416,"{'SPEAKER_03': 'Speaker_A', 'SPEAKER_02': 'Speaker_B', 'SPEAKER_00': 'Speaker_C', 'SPEAKER_01': 'Speaker_D'}",fusion,1620,0,1416,204,0,1620,1620,0,1416,204,0,1620,1620,0,583
whisper-large-v3-turbo,Iare1Emeueg__16_69,Devanagari,139,141,1.014388489208633,1.014388489208633,1.014388489208633,0.0,0.09352517985611511,0,139,0,2,13,139,"{'SPEAKER_00': 'Speaker_A', 'SPEAKER_01': 'Speaker_B'}",fusion,141,1,137,1,3,139,141,0,139,0,2,139,141,0,13
whisper-large-v3-turbo,IfTL8SSN270__62_671,Devanagari,2214,1502,0.521680216802168,0.5298102981029811,0.521680216802168,0.008130081300813052,0.03569023569023569,1076,409,729,17,53,1485,"{'SPEAKER_00': 'Speaker_A', 'SPEAKER_02': 'Speaker_B', 'SPEAKER_03': 'Speaker_C', 'SPEAKER_01': 'Speaker_D'}",fusion,1155,1061,421,732,20,2214,1173,1076,409,729,17,2214,1155,17,36
whisper-large-v3-turbo,Ig6szCD8m20__46_106,Devanagari,184,172,1.0,1.0108695652173914,1.0,0.010869565217391353,0.29069767441860467,0,172,12,0,50,172,"{'SPEAKER_01': 'Speaker_A', 'SPEAKER_00': 'Speaker_B'}",fusion,184,0,170,14,2,184,186,0,172,12,0,184,184,0,50
whisper-large-v3-turbo,Iqhnt8ENm3U__27_88,Devanagari,177,109,1.0,1.0,1.0,0.0,0.7522935779816514,0,109,68,0,82,109,"{'SPEAKER_00': 'Speaker_A', 'spk3': 'Speaker_B', 'SPEAKER_01': 'Speaker_C'}",fusion,177,0,109,68,0,177,177,0,109,68,0,177,177,0,82
whisper-large-v3-turbo,J4-VpEkBzWw__0_600,Kannada,1543,1285,0.9993519118600129,0.9993519118600129,0.9993519118600129,0.0,0.9003891050583658,1,1284,258,0,1157,1285,"{'SPEAKER_01': 'Speaker_A', 'SPEAKER_02': 'Speaker_B', 'SPEAKER_06': 'Speaker_C', 'SPEAKER_00': 'Speaker_D', 'SPEAKER_05': 'Speaker_E', 'SPEAKER_04': 'Speaker_F', 'SPEAKER_03': 'Speaker_G'}",fusion,1542,1,1284,258,0,1543,1542,1,1284,258,0,1543,1542,0,1157
whisper-large-v3-turbo,JBYGLQJwFDc__103_407,Tamil,658,772,1.1732522796352585,1.1838905775075987,1.1732522796352585,0.010638297872340274,0.40425531914893614,0,658,0,114,266,658,"{'SPEAKER_02': 'Speaker_A', 'SPEAKER_00': 'Speaker_B'}",fusion,772,0,651,7,121,658,779,0,658,0,114,658,772,0,266
whisper-large-v3-turbo,JSB1CeS4pP8__0_632,Gurmukhi,2086,1396,1.0,1.0,1.0,0.0,0.7328080229226361,0,1396,690,0,1023,1396,"{'SPEAKER_00': 'Speaker_A', 'SPEAKER_02': 'Speaker_B', 'SPEAKER_03': 'Speaker_C', 'SPEAKER_01': 'Speaker_D'}",fusion,2086,0,1396,690,0,2086,2086,0,1396,690,0,2086,2086,0,1023
whisper-large-v3-turbo,Jc5AVwg2cZM__153_214,Devanagari,164,95,1.0,1.0,1.0,0.0,0.5684210526315789,0,95,69,0,54,95,"{'SPEAKER_01': 'Speaker_A', 'SPEAKER_02': 'Speaker_B', 'SPEAKER_00': 'Speaker_C'}",fusion,164,0,95,69,0,164,164,0,95,69,0,164,164,0,54
whisper-large-v3-turbo,KAtdcDieQMw__57_599,Oriya,1717,941,1.0,1.0,1.0,0.0,0.6269925611052072,0,941,776,0,590,941,"{'SPEAKER_00': 'Speaker_A', 'SPEAKER_01': 'Speaker_B', 'SPEAKER_02': 'Speaker_C'}",fusion,1717,0,941,776,0,1717,1717,0,941,776,0,1717,1717,0,590
whisper-large-v3-turbo,KPkRi3GM7fs__47_642,Oriya,1733,1408,1.0,1.0,1.0,0.0,0.8231534090909091,0,1408,325,0,1159,1408,"{'SPEAKER_02': 'Speaker_A', 'SPEAKER_00': 'Speaker_B', 'SPEAKER_01': 'Speaker_C'}",fusion,1733,0,1408,325,0,1733,1733,0,1408,325,0,1733,1733,0,1159
whisper-large-v3-turbo,Kdi-ECuOaKg__2_78,Malayalam,89,272,3.056179775280899,3.202247191011236,3.056179775280899,0.1460674157303372,0.797752808988764,0,89,0,183,71,89,"{'spk5': 'Speaker_A', 'SPEAKER_03': 'Speaker_B', 'SPEAKER_00': 'Speaker_D', 'SPEAKER_02': 'Speaker_E', 'SPEAKER_01': 'Speaker_F'}",fusion,272,0,76,13,196,89,285,0,89,0,183,89,272,0,71
whisper-large-v3-turbo,L7xRazDdtgw__19_83,Gujarati,101,94,1.0,1.2772277227722773,1.0,0.27722772277227725,0.425531914893617,0,94,7,0,40,94,"{'SPEAKER_00': 'Speaker_A', 'SPEAKER_01': 'Speaker_B'}",fusion,101,0,66,35,28,101,129,0,94,7,0,101,101,0,40
whisper-large-v3-turbo,LBIWBxQ5H1s__90_1020,Malayalam,2313,2412,1.0428015564202335,1.0428015564202335,1.0428015564202335,0.0,0.5248594898400346,0,2313,0,99,1214,2313,"{'SPEAKER_01': 'Speaker_A', 'SPEAKER_03': 'Speaker_B', 'SPEAKER_02': 'Speaker_C', 'SPEAKER_00': 'Speaker_D'}",fusion,2412,0,2313,0,99,2313,2412,0,2313,0,99,2313,2412,0,1214
whisper-large-v3-turbo,LK23jX9tgZM__59_221,Gujarati,548,379,1.0,1.0164233576642336,1.0,0.01642335766423364,0.662269129287599,0,379,169,0,251,379,"{'SPEAKER_00': 'Speaker_A', 'SPEAKER_02': 'Speaker_B', 'SPEAKER_01': 'Speaker_C'}",fusion,548,0,370,178,9,548,557,0,379,169,0,548,548,0,251
whisper-large-v3-turbo,LctYmmr9-Vg__0_61,Devanagari,133,175,1.3157894736842106,1.3157894736842106,1.3157894736842106,0.0,0.6090225563909775,0,133,0,42,81,133,"{'SPEAKER_00': 'Speaker_A', 'SPEAKER_01': 'Speaker_B'}",fusion,175,0,133,0,42,133,175,0,133,0,42,133,175,0,81
whisper-large-v3-turbo,LqQHdo7t5Ps__198_498,Devanagari,677,470,0.9113737075332349,0.9217134416543574,0.9113737075332349,0.010339734121122546,0.1721132897603486,71,388,218,11,79,459,"{'SPEAKER_01': 'Speaker_A', 'SPEAKER_02': 'Speaker_B', 'SPEAKER_00': 'Speaker_C'}",fusion,617,62,399,216,9,677,624,71,388,218,11,677,617,3,76
whisper-large-v3-turbo,Md3p6RTanBg__315_426,Bengali,284,290,1.0211267605633803,1.0809859154929577,1.0211267605633803,0.059859154929577496,0.5422535211267606,0,284,0,6,154,284,"{'SPEAKER_01': 'Speaker_A', 'SPEAKER_00': 'Speaker_B', 'SPEAKER_02': 'Speaker_C'}",fusion,290,0,267,17,23,284,307,0,284,0,6,284,290,0,154
whisper-large-v3-turbo,MmtWBUK2DKE__0_310,Devanagari,1083,605,0.6241920590951062,0.631578947368421,0.6241920590951062,0.007386888273314796,0.03523489932885906,416,180,487,9,21,596,"{'SPEAKER_00': 'Speaker_A', 'SPEAKER_01': 'Speaker_B', 'SPEAKER_02': 'Speaker_D', 'SPEAKER_03': 'Speaker_E'}",fusion,676,410,184,489,11,1083,684,416,180,487,9,1083,676,10,11
whisper-large-v3-turbo,NLgHpYyf5bY__313_383,Devanagari,240,145,1.0,1.0,1.0,0.0,0.35172413793103446,0,145,95,0,51,145,"{'SPEAKER_00': 'Speaker_A', 'SPEAKER_01': 'Speaker_B'}",fusion,240,0,145,95,0,240,240,0,145,95,0,240,240,0,51
whisper-large-v3-turbo,NuhdqCEuIBo__197_540,Gurmukhi,1369,1084,1.0,1.0,1.0,0.0,0.38837638376383765,0,1084,285,0,421,1084,"{'SPEAKER_01': 'Speaker_A', 'SPEAKER_02': 'Speaker_B', 'SPEAKER_00': 'Speaker_C'}",fusion,1369,0,1084,285,0,1369,1369,0,1084,285,0,1369,1369,0,421
whisper-large-v3-turbo,O4_aeGFzZ8A__0_335,Kannada,675,493,1.0,1.0,1.0,0.0,0.39148073022312374,0,493,182,0,193,493,"{'SPEAKER_01': 'Speaker_A', 'SPEAKER_07': 'Speaker_B', 'SPEAKER_02': 'Speaker_C', 'SPEAKER_03': 'Speaker_D', 'SPEAKER_05': 'Speaker_E', 'SPEAKER_04': 'Speaker_F', 'SPEAKER_06': 'Speaker_G', 'SPEAKER_00': 'Speaker_H'}",fusion,675,0,493,182,0,675,675,0,493,182,0,675,675,0,193
whisper-large-v3-turbo,OXUt5KnlUMo__91_181,Oriya,242,188,1.0,1.0,1.0,0.0,0.22340425531914893,0,188,54,0,42,188,"{'SPEAKER_01': 'Speaker_A', 'SPEAKER_00': 'Speaker_B'}",fusion,242,0,188,54,0,242,242,0,188,54,0,242,242,0,42
whisper-large-v3-turbo,OxYCBQKZ3iY__0_1822,Gurmukhi,5524,2491,1.0,1.0,1.0,0.0,0.9004415897230028,0,2491,3033,0,2243,2491,"{'SPEAKER_00': 'Speaker_A', 'SPEAKER_01': 'Speaker_B', 'SPEAKER_02': 'Speaker_C', 'SPEAKER_03': 'Speaker_D', 'SPEAKER_04': 'Speaker_E', 'SPEAKER_05': 'Speaker_F', 'SPEAKER_06': 'Speaker_G'}",fusion,5524,0,2491,3033,0,5524,5524,0,2491,3033,0,5524,5524,0,2243
whisper-large-v3-turbo,PCUA2q2C-2A__45_107,Devanagari,148,138,1.0,1.0405405405405406,1.0,0.04054054054054057,0.057971014492753624,0,138,10,0,8,138,"{'SPEAKER_01': 'Speaker_A', 'SPEAKER_02': 'Speaker_B', 'SPEAKER_00': 'Speaker_C'}",fusion,148,0,132,16,6,148,154,0,138,10,0,148,148,0,8
whisper-large-v3-turbo,PEDfT9-Yf2o__0_469,Bengali,1014,275,1.0,1.0,1.0,0.0,0.6654545454545454,0,275,739,0,183,275,"{'SPEAKER_00': 'Speaker_A', 'SPEAKER_01': 'Speaker_B', 'SPEAKER_02': 'Speaker_C'}",fusion,1014,0,275,739,0,1014,1014,0,275,739,0,1014,1014,0,183
whisper-large-v3-turbo,PQB3-4sZUeY__0_1132,Telugu,3018,2700,1.0,1.0,1.0,0.0,0.6533333333333333,0,2700,318,0,1764,2700,"{'SPEAKER_03': 'Speaker_A', 'SPEAKER_00': 'Speaker_B', 'SPEAKER_01': 'Speaker_C', 'SPEAKER_02': 'Speaker_D'}",fusion,3018,0,2700,318,0,3018,3018,0,2700,318,0,3018,3018,0,1764
whisper-large-v3-turbo,PRAzUz0GANs__223_283,Kannada,190,165,1.0,1.0,1.0,0.0,0.46060606060606063,0,165,25,0,76,165,"{'SPEAKER_00': 'Speaker_A', 'SPEAKER_01': 'Speaker_B'}",fusion,190,0,165,25,0,190,190,0,165,25,0,190,190,0,76
whisper-large-v3-turbo,PSIzXy5-y2E__2_918,Devanagari,2395,1184,1.0,1.0,1.0,0.0,0.71875,0,1184,1211,0,851,1184,"{'SPEAKER_00': 'Speaker_A', 'SPEAKER_01': 'Speaker_B', 'SPEAKER_02': 'Speaker_C'}",fusion,2395,0,1184,1211,0,2395,2395,0,1184,1211,0,2395,2395,0,851
whisper-large-v3-turbo,PVDfS7lcJHY__0_360,Kannada,1024,830,1.0,1.0302734375,1.0,0.0302734375,0.6771084337349398,0,830,194,0,562,830,"{'SPEAKER_00': 'Speaker_A', 'SPEAKER_03': 'Speaker_B', 'SPEAKER_02': 'Speaker_C', 'SPEAKER_04': 'Speaker_D', 'SPEAKER_01': 'Speaker_E', 'SPEAKER_05': 'Speaker_F'}",fusion,1024,0,799,225,31,1024,1055,0,830,194,0,1024,1024,0,562
whisper-large-v3-turbo,Pjre5dpnKGA__0_330,Kannada,747,704,1.0,1.0508701472556894,1.0,0.05087014725568939,0.4247159090909091,0,704,43,0,299,704,"{'SPEAKER_00': 'Speaker_A', 'SPEAKER_02': 'Speaker_B', 'SPEAKER_01': 'Speaker_D'}",fusion,747,1,664,82,39,747,785,0,704,43,0,747,747,0,299
whisper-large-v3-turbo,QhpjuNTZoA8__0_586,Kannada,1534,1682,1.0958279009126466,1.361799217731421,1.0958279009126466,0.2659713168187745,0.36114732724902215,1,1533,0,148,554,1534,"{'SPEAKER_01': 'Speaker_B', 'SPEAKER_00': 'Speaker_C'}",fusion,1681,1,1125,408,556,1534,2089,1,1533,0,148,1534,1681,0,554
whisper-large-v3-turbo,QuA_B6IZ6Ls__61_1863,Devanagari,6629,4998,1.0,1.0,1.0,0.0,0.8163265306122449,0,4998,1631,0,4080,4998,"{'SPEAKER_00': 'Speaker_A', 'SPEAKER_01': 'Speaker_B', 'SPEAKER_02': 'Speaker_C', 'SPEAKER_03': 'Speaker_D'}",fusion,6629,0,4998,1631,0,6629,6629,0,4998,1631,0,6629,6629,0,4080
whisper-large-v3-turbo,RL2fhIEEbZg__0_65,Telugu,159,182,1.1446540880503144,1.1572327044025157,1.1446540880503144,0.012578616352201255,0.22641509433962265,0,159,0,23,36,159,"{'SPEAKER_00': 'Speaker_A', 'SPEAKER_01': 'Speaker_C'}",fusion,182,0,157,2,25,159,184,0,159,0,23,159,182,0,36
whisper-large-v3-turbo,RL2fhIEEbZg__66_1034,Telugu,2524,2335,1.0,1.0,1.0,0.0,0.5738758029978587,0,2335,189,0,1340,2335,"{'SPEAKER_02': 'Speaker_A', 'SPEAKER_00': 'Speaker_B', 'SPEAKER_01': 'Speaker_C'}",fusion,2524,0,2335,189,0,2524,2524,0,2335,189,0,2524,2524,0,1340
whisper-large-v3-turbo,RWTmftezCwI__0_60,Malayalam,109,130,1.1926605504587156,1.2660550458715596,1.1926605504587156,0.07339449541284404,0.3302752293577982,0,109,0,21,36,109,"{'SPEAKER_01': 'Speaker_A', 'SPEAKER_02': 'Speaker_B'}",fusion,130,0,101,8,29,109,138,0,109,0,21,109,130,0,36
whisper-large-v3-turbo,RZUZyvRzi80__0_336,Gurmukhi,1083,559,1.0,1.0,1.0,0.0,0.40250447227191416,0,559,524,0,225,559,"{'SPEAKER_00': 'Speaker_A', 'SPEAKER_01': 'Speaker_B', 'SPEAKER_02': 'Speaker_C', 'SPEAKER_03': 'Speaker_D'}",fusion,1083,0,559,524,0,1083,1083,0,559,524,0,1083,1083,0,225
whisper-large-v3-turbo,SZ7ay4OjfAE__0_897,Telugu,2103,2355,1.1198288159771754,1.1973371374227295,1.1198288159771754,0.07750832144555408,0.8254873989538755,0,2103,0,252,1736,2103,"{'SPEAKER_00': 'Speaker_A', 'SPEAKER_01': 'Speaker_B', 'SPEAKER_03': 'Speaker_C', 'SPEAKER_02': 'Speaker_D', 'SPEAKER_04': 'Speaker_E'}",fusion,2355,0,1940,163,415,2103,2518,0,2103,0,252,2103,2355,0,1736
whisper-large-v3-turbo,T3I2T-cfhG4__160_210,Devanagari,116,4,1.0,1.0,1.0,0.0,0.5,0,4,112,0,2,4,"{'SPEAKER_00': 'Speaker_A', 'SPEAKER_01': 'Speaker_B'}",fusion,116,0,4,112,0,116,116,0,4,112,0,116,116,0,2
whisper-large-v3-turbo,TU3M6wSQV_g__99_171,Telugu,216,206,1.0,1.0416666666666667,1.0,0.04166666666666674,0.3106796116504854,0,206,10,0,64,206,"{'SPEAKER_00': 'Speaker_A', 'SPEAKER_01': 'Speaker_B'}",fusion,216,0,197,19,9,216,225,0,206,10,0,216,216,0,64
whisper-large-v3-turbo,Tlha36rSd5o__240_374,Tamil,301,316,1.0498338870431894,1.0598006644518272,1.0498338870431894,0.009966777408637828,0.009966777408637873,0,301,0,15,3,301,"{'SPEAKER_00': 'Speaker_A', 'SPEAKER_01': 'Speaker_B'}",fusion,316,0,298,3,18,301,319,0,301,0,15,301,316,0,3
whisper-large-v3-turbo,TrPnW5kLAyQ__93_513,Devanagari,1065,943,1.0,1.0018779342723005,1.0,0.001877934272300541,0.29056203605514314,0,943,122,0,274,943,"{'SPEAKER_01': 'Speaker_A', 'SPEAKER_00': 'Speaker_B', 'SPEAKER_03': 'Speaker_C', 'SPEAKER_02': 'Speaker_D'}",fusion,1065,0,941,124,2,1065,1067,0,943,122,0,1065,1065,0,274
whisper-large-v3-turbo,U_EHjxThUgc__181_289,Bengali,293,165,1.0,1.0,1.0,0.0,0.7636363636363637,0,165,128,0,126,165,"{'SPEAKER_02': 'Speaker_A', 'SPEAKER_01': 'Speaker_B', 'SPEAKER_00': 'Speaker_C'}",fusion,293,0,165,128,0,293,293,0,165,128,0,293,293,0,126
whisper-large-v3-turbo,VHlIFsHPWbk__23_470,Oriya,1295,319,1.0,1.0,1.0,0.0,0.5736677115987461,0,319,976,0,183,319,"{'SPEAKER_00': 'Speaker_A', 'SPEAKER_01': 'Speaker_B', 'SPEAKER_02': 'Speaker_C', 'SPEAKER_03': 'Speaker_D'}",fusion,1295,0,319,976,0,1295,1295,0,319,976,0,1295,1295,0,183
whisper-large-v3-turbo,VKY0uuZ6Om8__575_935,Devanagari,1055,938,1.0,1.0,1.0,0.0,0.8464818763326226,0,938,117,0,794,938,"{'SPEAKER_01': 'Speaker_A', 'SPEAKER_02': 'Speaker_B', 'SPEAKER_00': 'Speaker_C'}",fusion,1055,0,938,117,0,1055,1055,0,938,117,0,1055,1055,0,794
whisper-large-v3-turbo,VY_4x1scS-Y__13_121,Tamil,315,280,1.0,1.0126984126984127,1.0,0.012698412698412653,0.5035714285714286,0,280,35,0,141,280,"{'SPEAKER_01': 'Speaker_A', 'SPEAKER_03': 'Speaker_B', 'SPEAKER_00': 'Speaker_C', 'SPEAKER_02': 'Speaker_D'}",fusion,315,0,276,39,4,315,319,0,280,35,0,315,315,0,141
